{"n":1,"at":1786660732122,"t":273,"kind":"commit","view":"view-2","x":724,"msgs":0,"first":null,"branch":"none","headPx":0,"margin":0,"before":0,"top":0,"sh":600,"ch":600,"held":null,"drawn":null,"now":null}
{"n":3,"at":1786660732141,"t":293,"kind":"commit","view":"view-2","x":724,"msgs":0,"first":null,"branch":"none","headPx":0,"margin":0,"before":0,"top":0,"sh":600,"ch":600,"held":null,"drawn":null,"now":null}
{"n":6,"at":1786660732218,"t":369,"kind":"commit","view":"view-2","x":724,"msgs":200,"first":"8h9pkdsenb4eqsyruu2z46ahsa","branch":"none","headPx":0,"margin":0,"before":0,"top":0,"sh":8418,"ch":600,"held":null,"drawn":null,"now":{"id":"8h9pkdsenb4eqsyruu2z46ahsa","delta":56,"index":0}}
{"n":7,"at":1786660732218,"t":369,"kind":"follow","view":"view-2","rows":183}
{"n":9,"at":1786660732226,"t":378,"kind":"commit","view":"view-2","x":724,"msgs":200,"first":"8h9pkdsenb4eqsyruu2z46ahsa","branch":"none","headPx":0,"margin":0,"before":7818,"top":7818,"sh":9627,"ch":600,"held":{"id":"8h9pkdsenb4eqsyruu2z46ahsa","delta":56,"index":0},"drawn":56,"now":{"id":"vq8u2c4enkhdbrw3r5wpm8uxx2","delta":-31,"index":146}}
{"n":14,"at":1786660732276,"t":427,"kind":"scroll","view":"view-2","top":7818,"sh":9627,"ch":600}
{"n":15,"at":1786660732296,"t":448,"kind":"commit","view":"view-2","x":724,"msgs":200,"first":"8h9pkdsenb4eqsyruu2z46ahsa","branch":"none","headPx":0,"margin":0,"before":9027,"top":9027,"sh":9627,"ch":600,"held":{"id":"vq8u2c4enkhdbrw3r5wpm8uxx2","delta":-31,"index":146},"drawn":8265,"now":{"id":"zqdaiqzhq423422cu32rdxqqpi","delta":-46,"index":152}}
{"n":16,"at":1786660732303,"t":455,"kind":"commit","view":"view-2","x":724,"msgs":200,"first":"8h9pkdsenb4eqsyruu2z46ahsa","branch":"none","headPx":0,"margin":0,"before":9027,"top":9027,"sh":11537,"ch":600,"held":{"id":"zqdaiqzhq423422cu32rdxqqpi","delta":-46,"index":152},"drawn":8981,"now":{"id":"zqdaiqzhq423422cu32rdxqqpi","delta":-46,"index":152}}
{"n":17,"at":1786660732306,"t":458,"kind":"commit","view":"view-2","x":724,"msgs":200,"first":"8h9pkdsenb4eqsyruu2z46ahsa","branch":"none","headPx":0,"margin":0,"before":9027,"top":9027,"sh":11768,"ch":600,"held":{"id":"zqdaiqzhq423422cu32rdxqqpi","delta":-46,"index":152},"drawn":8981,"now":{"id":"zqdaiqzhq423422cu32rdxqqpi","delta":-46,"index":152}}
{"n":21,"at":1786660732348,"t":500,"kind":"scroll","view":"view-2","top":11168,"sh":11768,"ch":600}
{"n":22,"at":1786660732357,"t":509,"kind":"commit","view":"view-2","x":724,"msgs":200,"first":"8h9pkdsenb4eqsyruu2z46ahsa","branch":"none","headPx":0,"margin":0,"before":11168,"top":11168,"sh":11905,"ch":600,"held":{"id":"vedseayfnbe9np2d78stnquwjw","delta":-7,"index":175},"drawn":11161,"now":{"id":"vedseayfnbe9np2d78stnquwjw","delta":-7,"index":175}}
{"n":23,"at":1786660732361,"t":513,"kind":"commit","view":"view-2","x":724,"msgs":200,"first":"8h9pkdsenb4eqsyruu2z46ahsa","branch":"none","headPx":0,"margin":0,"before":11168,"top":11168,"sh":12601,"ch":600,"held":{"id":"vedseayfnbe9np2d78stnquwjw","delta":-7,"index":175},"drawn":11161,"now":{"id":"vedseayfnbe9np2d78stnquwjw","delta":-7,"index":175}}
{"n":26,"at":1786660732386,"t":537,"kind":"scroll","view":"view-2","top":12001,"sh":12601,"ch":600}
{"n":27,"at":1786660732389,"t":540,"kind":"commit","view":"view-2","x":724,"msgs":200,"first":"8h9pkdsenb4eqsyruu2z46ahsa","branch":"none","headPx":0,"margin":0,"before":12001,"top":12001,"sh":12601,"ch":600,"held":{"id":"27wev3wvp4is22bd3dhbvmmari","delta":-67,"index":182},"drawn":11934,"now":{"id":"27wev3wvp4is22bd3dhbvmmari","delta":-67,"index":182}}
{"n":29,"at":1786660732539,"t":690,"kind":"commit","view":"view-2","x":724,"msgs":200,"first":"8h9pkdsenb4eqsyruu2z46ahsa","branch":"none","headPx":0,"margin":0,"before":12001,"top":12001,"sh":12601,"ch":600,"held":{"id":"27wev3wvp4is22bd3dhbvmmari","delta":-67,"index":182},"drawn":11934,"now":{"id":"27wev3wvp4is22bd3dhbvmmari","delta":-67,"index":182}}
{"n":32,"at":1786660733253,"t":1405,"kind":"commit","view":"view-2","x":724,"msgs":202,"first":"8h9pkdsenb4eqsyruu2z46ahsa","branch":"none","headPx":0,"margin":0,"before":12001,"top":12001,"sh":12673,"ch":600,"held":{"id":"27wev3wvp4is22bd3dhbvmmari","delta":-67,"index":182},"drawn":11934,"now":{"id":"27wev3wvp4is22bd3dhbvmmari","delta":-67,"index":182}}
{"n":33,"at":1786660733253,"t":1405,"kind":"follow","view":"view-2","rows":183}
{"n":36,"at":1786660733258,"t":1410,"kind":"scroll","view":"view-2","top":12073,"sh":12673,"ch":600}
{"n":37,"at":1786660733260,"t":1412,"kind":"commit","view":"view-2","x":724,"msgs":202,"first":"8h9pkdsenb4eqsyruu2z46ahsa","branch":"none","headPx":0,"margin":0,"before":12073,"top":12073,"sh":12673,"ch":600,"held":{"id":"_nfgv6xat5xd35s55t5zqud2pxn","delta":-66,"index":183},"drawn":12007,"now":{"id":"_nfgv6xat5xd35s55t5zqud2pxn","delta":-66,"index":183}}
{"n":39,"at":1786660733267,"t":1418,"kind":"commit","view":"view-2","x":724,"msgs":202,"first":"8h9pkdsenb4eqsyruu2z46ahsa","branch":"none","headPx":0,"margin":0,"before":12073,"top":12073,"sh":12673,"ch":600,"held":{"id":"_nfgv6xat5xd35s55t5zqud2pxn","delta":-66,"index":183},"drawn":12007,"now":{"id":"_nfgv6xat5xd35s55t5zqud2pxn","delta":-66,"index":183}}
{"n":41,"at":1786660733411,"t":1563,"kind":"commit","view":"view-2","x":724,"msgs":202,"first":"8h9pkdsenb4eqsyruu2z46ahsa","branch":"none","headPx":0,"margin":0,"before":12073,"top":12073,"sh":12673,"ch":600,"held":{"id":"_nfgv6xat5xd35s55t5zqud2pxn","delta":-66,"index":183},"drawn":12007,"now":{"id":"_nfgv6xat5xd35s55t5zqud2pxn","delta":-66,"index":183}}
{"n":44,"at":1786660733755,"t":1907,"kind":"commit","view":"view-2","x":724,"msgs":204,"first":"8h9pkdsenb4eqsyruu2z46ahsa","branch":"none","headPx":0,"margin":0,"before":12073,"top":12073,"sh":13099,"ch":600,"held":{"id":"_nfgv6xat5xd35s55t5zqud2pxn","delta":-66,"index":183},"drawn":12007,"now":{"id":"_nfgv6xat5xd35s55t5zqud2pxn","delta":-66,"index":183}}
{"n":45,"at":1786660733755,"t":1907,"kind":"follow","view":"view-2","rows":191}
{"n":47,"at":1786660733760,"t":1911,"kind":"commit","view":"view-2","x":724,"msgs":204,"first":"8h9pkdsenb4eqsyruu2z46ahsa","branch":"none","headPx":0,"margin":0,"before":12499,"top":12499,"sh":13219,"ch":600,"held":{"id":"_nfgv6xat5xd35s55t5zqud2pxn","delta":-66,"index":183},"drawn":12007,"now":{"id":"39c33440-76e5-400f-8ff1-95a53319b488","delta":-42,"index":197}}
{"n":50,"at":1786660733763,"t":1915,"kind":"scroll","view":"view-2","top":12499,"sh":13219,"ch":600}
{"n":51,"at":1786660733765,"t":1917,"kind":"commit","view":"view-2","x":724,"msgs":204,"first":"8h9pkdsenb4eqsyruu2z46ahsa","branch":"none","headPx":0,"margin":0,"before":12499,"top":12499,"sh":13219,"ch":600,"held":{"id":"39c33440-76e5-400f-8ff1-95a53319b488","delta":-42,"index":197},"drawn":12457,"now":{"id":"39c33440-76e5-400f-8ff1-95a53319b488","delta":-42,"index":197}}
{"n":53,"at":1786660733772,"t":1924,"kind":"commit","view":"view-2","x":724,"msgs":204,"first":"8h9pkdsenb4eqsyruu2z46ahsa","branch":"none","headPx":0,"margin":0,"before":12507,"top":12507,"sh":13107,"ch":600,"held":{"id":"39c33440-76e5-400f-8ff1-95a53319b488","delta":-42,"index":197},"drawn":12457,"now":{"id":"39c33440-76e5-400f-8ff1-95a53319b488","delta":-50,"index":197}}
{"n":55,"at":1786660733773,"t":1925,"kind":"scroll","view":"view-2","top":12507,"sh":13107,"ch":600}
{"n":57,"at":1786660733928,"t":2080,"kind":"commit","view":"view-2","x":724,"msgs":204,"first":"8h9pkdsenb4eqsyruu2z46ahsa","branch":"none","headPx":0,"margin":0,"before":12507,"top":12507,"sh":13107,"ch":600,"held":{"id":"39c33440-76e5-400f-8ff1-95a53319b488","delta":-50,"index":197},"drawn":12457,"now":{"id":"39c33440-76e5-400f-8ff1-95a53319b488","delta":-50,"index":197}}
{"n":58,"at":1786660743676,"t":11828,"kind":"scroll","view":"view-2","top":12505,"sh":13107,"ch":600}
{"n":59,"at":1786660743679,"t":11830,"kind":"commit","view":"view-2","x":724,"msgs":204,"first":"8h9pkdsenb4eqsyruu2z46ahsa","branch":"none","headPx":0,"margin":0,"before":12505,"top":12505,"sh":13107,"ch":600,"held":{"id":"39c33440-76e5-400f-8ff1-95a53319b488","delta":-48,"index":197},"drawn":12457,"now":{"id":"39c33440-76e5-400f-8ff1-95a53319b488","delta":-48,"index":197}}
{"n":60,"at":1786660743692,"t":11844,"kind":"scroll","view":"view-2","top":12477,"sh":13107,"ch":600}
{"n":61,"at":1786660743708,"t":11859,"kind":"scroll","view":"view-2","top":12469,"sh":13107,"ch":600}
{"n":62,"at":1786660743724,"t":11876,"kind":"scroll","view":"view-2","top":12459,"sh":13107,"ch":600}
{"n":63,"at":1786660743740,"t":11892,"kind":"scroll","view":"view-2","top":12448,"sh":13107,"ch":600}
{"n":64,"at":1786660743743,"t":11895,"kind":"commit","view":"view-2","x":724,"msgs":204,"first":"8h9pkdsenb4eqsyruu2z46ahsa","branch":"none","headPx":0,"margin":0,"before":12448,"top":12448,"sh":13107,"ch":600,"held":{"id":"_qwzkasyetxqyiuyf89emzxzcps","delta":-48,"index":196},"drawn":12400,"now":{"id":"_qwzkasyetxqyiuyf89emzxzcps","delta":-48,"index":196}}
{"n":65,"at":1786660743756,"t":11907,"kind":"scroll","view":"view-2","top":12442,"sh":13107,"ch":600}
{"n":66,"at":1786660743772,"t":11924,"kind":"scroll","view":"view-2","top":12430,"sh":13107,"ch":600}
{"n":67,"at":1786660743788,"t":11940,"kind":"scroll","view":"view-2","top":12423,"sh":13107,"ch":600}
{"n":68,"at":1786660743804,"t":11956,"kind":"scroll","view":"view-2","top":12420,"sh":13107,"ch":600}
{"n":69,"at":1786660743820,"t":11972,"kind":"scroll","view":"view-2","top":12414,"sh":13107,"ch":600}
{"n":70,"at":1786660743836,"t":11988,"kind":"scroll","view":"view-2","top":12413,"sh":13107,"ch":600}
{"n":71,"at":1786660743853,"t":12004,"kind":"scroll","view":"view-2","top":12301,"sh":13107,"ch":600}
{"n":72,"at":1786660743857,"t":12008,"kind":"commit","view":"view-2","x":724,"msgs":204,"first":"8h9pkdsenb4eqsyruu2z46ahsa","branch":"none","headPx":0,"margin":0,"before":12301,"top":12301,"sh":13107,"ch":600,"held":{"id":"_nfgv6xat5xd35s55t5zqud2pxn","delta":-294,"index":183},"drawn":12007,"now":{"id":"_nfgv6xat5xd35s55t5zqud2pxn","delta":-294,"index":183}}
{"n":73,"at":1786660743869,"t":12020,"kind":"scroll","view":"view-2","top":12251,"sh":13107,"ch":600}
{"n":74,"at":1786660743871,"t":12022,"kind":"commit","view":"view-2","x":724,"msgs":204,"first":"8h9pkdsenb4eqsyruu2z46ahsa","branch":"none","headPx":0,"margin":0,"before":12251,"top":12251,"sh":13107,"ch":600,"held":{"id":"_nfgv6xat5xd35s55t5zqud2pxn","delta":-244,"index":183},"drawn":12007,"now":{"id":"_nfgv6xat5xd35s55t5zqud2pxn","delta":-244,"index":183}}
{"n":75,"at":1786660743885,"t":12036,"kind":"scroll","view":"view-2","top":12218,"sh":13107,"ch":600}
{"n":76,"at":1786660743887,"t":12039,"kind":"commit","view":"view-2","x":724,"msgs":204,"first":"8h9pkdsenb4eqsyruu2z46ahsa","branch":"none","headPx":0,"margin":0,"before":12218,"top":12218,"sh":13107,"ch":600,"held":{"id":"_nfgv6xat5xd35s55t5zqud2pxn","delta":-211,"index":183},"drawn":12007,"now":{"id":"_nfgv6xat5xd35s55t5zqud2pxn","delta":-211,"index":183}}
{"n":77,"at":1786660743901,"t":12052,"kind":"scroll","view":"view-2","top":12182,"sh":13107,"ch":600}
{"n":78,"at":1786660743917,"t":12068,"kind":"scroll","view":"view-2","top":12145,"sh":13107,"ch":600}
{"n":79,"at":1786660743919,"t":12071,"kind":"commit","view":"view-2","x":724,"msgs":204,"first":"8h9pkdsenb4eqsyruu2z46ahsa","branch":"none","headPx":0,"margin":0,"before":12145,"top":12145,"sh":13107,"ch":600,"held":{"id":"_nfgv6xat5xd35s55t5zqud2pxn","delta":-138,"index":183},"drawn":12007,"now":{"id":"_nfgv6xat5xd35s55t5zqud2pxn","delta":-138,"index":183}}
{"n":80,"at":1786660743933,"t":12085,"kind":"scroll","view":"view-2","top":12109,"sh":13107,"ch":600}
{"n":81,"at":1786660743949,"t":12101,"kind":"scroll","view":"view-2","top":12073,"sh":13107,"ch":600}
{"n":82,"at":1786660743952,"t":12104,"kind":"commit","view":"view-2","x":724,"msgs":204,"first":"8h9pkdsenb4eqsyruu2z46ahsa","branch":"none","headPx":0,"margin":0,"before":12073,"top":12073,"sh":13107,"ch":600,"held":{"id":"_nfgv6xat5xd35s55t5zqud2pxn","delta":-66,"index":183},"drawn":12007,"now":{"id":"_nfgv6xat5xd35s55t5zqud2pxn","delta":-66,"index":183}}
{"n":83,"at":1786660743965,"t":12117,"kind":"scroll","view":"view-2","top":12032,"sh":13107,"ch":600}
{"n":84,"at":1786660743981,"t":12133,"kind":"scroll","view":"view-2","top":11991,"sh":13107,"ch":600}
{"n":85,"at":1786660743986,"t":12137,"kind":"commit","view":"view-2","x":724,"msgs":204,"first":"8h9pkdsenb4eqsyruu2z46ahsa","branch":"none","headPx":0,"margin":0,"before":11991,"top":11991,"sh":13107,"ch":600,"held":{"id":"27wev3wvp4is22bd3dhbvmmari","delta":-57,"index":182},"drawn":11934,"now":{"id":"27wev3wvp4is22bd3dhbvmmari","delta":-57,"index":182}}
{"n":86,"at":1786660743998,"t":12149,"kind":"scroll","view":"view-2","top":11946,"sh":13107,"ch":600}
{"n":87,"at":1786660744001,"t":12153,"kind":"commit","view":"view-2","x":724,"msgs":204,"first":"8h9pkdsenb4eqsyruu2z46ahsa","branch":"none","headPx":0,"margin":0,"before":11946,"top":11946,"sh":13107,"ch":600,"held":{"id":"27wev3wvp4is22bd3dhbvmmari","delta":-12,"index":182},"drawn":11934,"now":{"id":"27wev3wvp4is22bd3dhbvmmari","delta":-12,"index":182}}
{"n":88,"at":1786660744014,"t":12166,"kind":"scroll","view":"view-2","top":11902,"sh":13107,"ch":600}
{"n":89,"at":1786660744019,"t":12171,"kind":"commit","view":"view-2","x":724,"msgs":204,"first":"8h9pkdsenb4eqsyruu2z46ahsa","branch":"none","headPx":0,"margin":0,"before":11902,"top":11902,"sh":13107,"ch":600,"held":{"id":"63qe2miiecrkxtj5wwp6z9rfk2","delta":-179,"index":181},"drawn":11723,"now":{"id":"63qe2miiecrkxtj5wwp6z9rfk2","delta":-179,"index":181}}
{"n":90,"at":1786660744032,"t":12183,"kind":"scroll","view":"view-2","top":11855,"sh":13107,"ch":600}
{"n":91,"at":1786660744035,"t":12186,"kind":"commit","view":"view-2","x":724,"msgs":204,"first":"8h9pkdsenb4eqsyruu2z46ahsa","branch":"none","headPx":0,"margin":0,"before":11855,"top":11855,"sh":13107,"ch":600,"held":{"id":"63qe2miiecrkxtj5wwp6z9rfk2","delta":-132,"index":181},"drawn":11723,"now":{"id":"63qe2miiecrkxtj5wwp6z9rfk2","delta":-132,"index":181}}
{"n":92,"at":1786660744048,"t":12200,"kind":"scroll","view":"view-2","top":11806,"sh":13107,"ch":600}
{"n":93,"at":1786660744065,"t":12217,"kind":"scroll","view":"view-2","top":11756,"sh":13107,"ch":600}
{"n":94,"at":1786660744068,"t":12219,"kind":"commit","view":"view-2","x":724,"msgs":204,"first":"8h9pkdsenb4eqsyruu2z46ahsa","branch":"none","headPx":0,"margin":0,"before":11756,"top":11756,"sh":13107,"ch":600,"held":{"id":"63qe2miiecrkxtj5wwp6z9rfk2","delta":-33,"index":181},"drawn":11723,"now":{"id":"63qe2miiecrkxtj5wwp6z9rfk2","delta":-33,"index":181}}
{"n":95,"at":1786660744081,"t":12232,"kind":"scroll","view":"view-2","top":11708,"sh":13107,"ch":600}
{"n":96,"at":1786660744085,"t":12237,"kind":"commit","view":"view-2","x":724,"msgs":204,"first":"8h9pkdsenb4eqsyruu2z46ahsa","branch":"none","headPx":0,"margin":0,"before":11708,"top":11708,"sh":13107,"ch":600,"held":{"id":"5jg6gur5gbzgzwujpkpzu7cjga","delta":-86,"index":180},"drawn":11622,"now":{"id":"5jg6gur5gbzgzwujpkpzu7cjga","delta":-86,"index":180}}
{"n":97,"at":1786660744098,"t":12249,"kind":"scroll","view":"view-2","top":11655,"sh":13107,"ch":600}
{"n":98,"at":1786660744116,"t":12267,"kind":"scroll","view":"view-2","top":11604,"sh":13107,"ch":600}
{"n":99,"at":1786660744121,"t":12273,"kind":"commit","view":"view-2","x":724,"msgs":204,"first":"8h9pkdsenb4eqsyruu2z46ahsa","branch":"none","headPx":0,"margin":0,"before":11604,"top":11604,"sh":13107,"ch":600,"held":{"id":"ajkpwizv7bid4d3hswct8i4xqi","delta":-83,"index":179},"drawn":11521,"now":{"id":"ajkpwizv7bid4d3hswct8i4xqi","delta":-83,"index":179}}
{"n":100,"at":1786660744131,"t":12283,"kind":"scroll","view":"view-2","top":11579,"sh":13107,"ch":600}
{"n":101,"at":1786660744149,"t":12300,"kind":"scroll","view":"view-2","top":11522,"sh":13107,"ch":600}
{"n":102,"at":1786660744165,"t":12316,"kind":"scroll","view":"view-2","top":11464,"sh":13107,"ch":600}
{"n":103,"at":1786660744171,"t":12322,"kind":"commit","view":"view-2","x":724,"msgs":204,"first":"8h9pkdsenb4eqsyruu2z46ahsa","branch":"none","headPx":0,"margin":0,"before":11464,"top":11464,"sh":13107,"ch":600,"held":{"id":"yzhhramb4rk6svxewmgzbtxrw6","delta":-44,"index":178},"drawn":11420,"now":{"id":"yzhhramb4rk6svxewmgzbtxrw6","delta":-44,"index":178}}
{"n":104,"at":1786660744181,"t":12333,"kind":"scroll","view":"view-2","top":11454,"sh":13107,"ch":600}
{"n":105,"at":1786660744198,"t":12349,"kind":"scroll","view":"view-2","top":11404,"sh":13107,"ch":600}
{"n":106,"at":1786660744204,"t":12355,"kind":"commit","view":"view-2","x":724,"msgs":204,"first":"8h9pkdsenb4eqsyruu2z46ahsa","branch":"none","headPx":0,"margin":0,"before":11404,"top":11404,"sh":13107,"ch":600,"held":{"id":"487gyi8texawsn65uyum8yscpi","delta":-85,"index":177},"drawn":11319,"now":{"id":"487gyi8texawsn65uyum8yscpi","delta":-85,"index":177}}
{"n":107,"at":1786660744214,"t":12366,"kind":"scroll","view":"view-2","top":11176,"sh":13107,"ch":600}
{"n":108,"at":1786660744220,"t":12372,"kind":"commit","view":"view-2","x":724,"msgs":204,"first":"8h9pkdsenb4eqsyruu2z46ahsa","branch":"none","headPx":0,"margin":0,"before":11176,"top":11176,"sh":13107,"ch":600,"held":{"id":"vedseayfnbe9np2d78stnquwjw","delta":-15,"index":175},"drawn":11161,"now":{"id":"vedseayfnbe9np2d78stnquwjw","delta":-15,"index":175}}
{"n":109,"at":1786660744231,"t":12383,"kind":"scroll","view":"view-2","top":10975,"sh":13107,"ch":600}
{"n":110,"at":1786660744237,"t":12389,"kind":"commit","view":"view-2","x":724,"msgs":204,"first":"8h9pkdsenb4eqsyruu2z46ahsa","branch":"none","headPx":0,"margin":0,"before":10975,"top":10975,"sh":13107,"ch":600,"held":{"id":"q9vey2geruya6uccqdrftdd7na","delta":-16,"index":173},"drawn":10959,"now":{"id":"q9vey2geruya6uccqdrftdd7na","delta":-16,"index":173}}
{"n":111,"at":1786660744248,"t":12400,"kind":"scroll","view":"view-2","top":10788,"sh":13107,"ch":600}
{"n":112,"at":1786660744255,"t":12407,"kind":"commit","view":"view-2","x":724,"msgs":204,"first":"8h9pkdsenb4eqsyruu2z46ahsa","branch":"none","headPx":0,"margin":0,"before":10788,"top":10788,"sh":13107,"ch":600,"held":{"id":"t32prcm4ueia5qpnzw59itj4he","delta":-88,"index":170},"drawn":10700,"now":{"id":"t32prcm4ueia5qpnzw59itj4he","delta":-88,"index":170}}
{"n":113,"at":1786660744264,"t":12416,"kind":"scroll","view":"view-2","top":10629,"sh":13107,"ch":600}
{"n":114,"at":1786660744269,"t":12421,"kind":"commit","view":"view-2","x":724,"msgs":204,"first":"8h9pkdsenb4eqsyruu2z46ahsa","branch":"none","headPx":0,"margin":0,"before":10629,"top":10629,"sh":13107,"ch":600,"held":{"id":"dwh76s5gwng446bpizdv7d8k6n","delta":-30,"index":169},"drawn":10599,"now":{"id":"dwh76s5gwng446bpizdv7d8k6n","delta":-30,"index":169}}
{"n":115,"at":1786660744282,"t":12433,"kind":"scroll","view":"view-2","top":10496,"sh":13107,"ch":600}
{"n":116,"at":1786660744287,"t":12439,"kind":"commit","view":"view-2","x":724,"msgs":204,"first":"8h9pkdsenb4eqsyruu2z46ahsa","branch":"none","headPx":0,"margin":0,"before":10496,"top":10496,"sh":13107,"ch":600,"held":{"id":"dvjwe9iv593p38byiurvtav2xi","delta":-55,"index":167},"drawn":10441,"now":{"id":"dvjwe9iv593p38byiurvtav2xi","delta":-55,"index":167}}
{"n":117,"at":1786660744298,"t":12450,"kind":"scroll","view":"view-2","top":10350,"sh":13107,"ch":600}
{"n":118,"at":1786660744304,"t":12455,"kind":"commit","view":"view-2","x":724,"msgs":204,"first":"8h9pkdsenb4eqsyruu2z46ahsa","branch":"none","headPx":0,"margin":0,"before":10350,"top":10350,"sh":13107,"ch":600,"held":{"id":"cm5rx6juwvhbsjkkh6n5va2i42","delta":-10,"index":166},"drawn":10340,"now":{"id":"cm5rx6juwvhbsjkkh6n5va2i42","delta":-10,"index":166}}
{"n":119,"at":1786660744315,"t":12467,"kind":"scroll","view":"view-2","top":10228,"sh":13107,"ch":600}
{"n":120,"at":1786660744321,"t":12473,"kind":"commit","view":"view-2","x":724,"msgs":204,"first":"8h9pkdsenb4eqsyruu2z46ahsa","branch":"none","headPx":0,"margin":0,"before":10228,"top":10228,"sh":13107,"ch":600,"held":{"id":"9fd4kubzdrk8y8ku5wv5t9abpi","delta":-99,"index":165},"drawn":10129,"now":{"id":"9fd4kubzdrk8y8ku5wv5t9abpi","delta":-99,"index":165}}
{"n":121,"at":1786660744331,"t":12483,"kind":"scroll","view":"view-2","top":10114,"sh":13107,"ch":600}
{"n":122,"at":1786660744337,"t":12489,"kind":"commit","view":"view-2","x":724,"msgs":204,"first":"8h9pkdsenb4eqsyruu2z46ahsa","branch":"none","headPx":0,"margin":0,"before":10114,"top":10114,"sh":13107,"ch":600,"held":{"id":"7phwm54nn68xqr955y59iz7mgi","delta":-86,"index":164},"drawn":10028,"now":{"id":"7phwm54nn68xqr955y59iz7mgi","delta":-86,"index":164}}
{"n":123,"at":1786660744347,"t":12499,"kind":"scroll","view":"view-2","top":10013,"sh":13107,"ch":600}
{"n":124,"at":1786660744353,"t":12504,"kind":"commit","view":"view-2","x":724,"msgs":204,"first":"8h9pkdsenb4eqsyruu2z46ahsa","branch":"none","headPx":0,"margin":0,"before":10013,"top":10013,"sh":13107,"ch":600,"held":{"id":"f6db4qz22muutxqyw53h4s8hfa","delta":-86,"index":163},"drawn":9927,"now":{"id":"f6db4qz22muutxqyw53h4s8hfa","delta":-86,"index":163}}
{"n":125,"at":1786660744365,"t":12516,"kind":"scroll","view":"view-2","top":9913,"sh":13107,"ch":600}
{"n":126,"at":1786660744370,"t":12521,"kind":"commit","view":"view-2","x":724,"msgs":204,"first":"8h9pkdsenb4eqsyruu2z46ahsa","branch":"none","headPx":0,"margin":0,"before":9913,"top":9913,"sh":13107,"ch":600,"held":{"id":"mxrm4hsxxhamrk3sjg93hina7e","delta":-87,"index":162},"drawn":9826,"now":{"id":"mxrm4hsxxhamrk3sjg93hina7e","delta":-87,"index":162}}
{"n":127,"at":1786660744381,"t":12532,"kind":"scroll","view":"view-2","top":9875,"sh":13107,"ch":600}
{"n":128,"at":1786660744398,"t":12549,"kind":"scroll","view":"view-2","top":9836,"sh":13107,"ch":600}
{"n":129,"at":1786660744402,"t":12554,"kind":"commit","view":"view-2","x":724,"msgs":204,"first":"8h9pkdsenb4eqsyruu2z46ahsa","branch":"none","headPx":0,"margin":0,"before":9836,"top":9836,"sh":13107,"ch":600,"held":{"id":"mxrm4hsxxhamrk3sjg93hina7e","delta":-10,"index":162},"drawn":9826,"now":{"id":"mxrm4hsxxhamrk3sjg93hina7e","delta":-10,"index":162}}
{"n":130,"at":1786660744415,"t":12566,"kind":"scroll","view":"view-2","top":9799,"sh":13107,"ch":600}
{"n":131,"at":1786660744419,"t":12571,"kind":"commit","view":"view-2","x":724,"msgs":204,"first":"8h9pkdsenb4eqsyruu2z46ahsa","branch":"none","headPx":0,"margin":0,"before":9799,"top":9799,"sh":13107,"ch":600,"held":{"id":"jn3rkeakgh7cxnricgmv4yd6be","delta":-30,"index":161},"drawn":9769,"now":{"id":"jn3rkeakgh7cxnricgmv4yd6be","delta":-30,"index":161}}
{"n":132,"at":1786660744431,"t":12582,"kind":"scroll","view":"view-2","top":9758,"sh":13107,"ch":600}
{"n":133,"at":1786660744435,"t":12587,"kind":"commit","view":"view-2","x":724,"msgs":204,"first":"8h9pkdsenb4eqsyruu2z46ahsa","branch":"none","headPx":0,"margin":0,"before":9758,"top":9758,"sh":13107,"ch":600,"held":{"id":"eddvp5xbn7s7srmt26ha9p2rt6","delta":-90,"index":160},"drawn":9668,"now":{"id":"eddvp5xbn7s7srmt26ha9p2rt6","delta":-90,"index":160}}
{"n":134,"at":1786660744448,"t":12599,"kind":"scroll","view":"view-2","top":9672,"sh":13107,"ch":600}
{"n":135,"at":1786660744452,"t":12603,"kind":"commit","view":"view-2","x":724,"msgs":204,"first":"8h9pkdsenb4eqsyruu2z46ahsa","branch":"none","headPx":0,"margin":0,"before":9672,"top":9672,"sh":13107,"ch":600,"held":{"id":"eddvp5xbn7s7srmt26ha9p2rt6","delta":-4,"index":160},"drawn":9668,"now":{"id":"eddvp5xbn7s7srmt26ha9p2rt6","delta":-4,"index":160}}
{"n":136,"at":1786660744464,"t":12616,"kind":"scroll","view":"view-2","top":9627,"sh":13107,"ch":600}
{"n":137,"at":1786660744469,"t":12621,"kind":"commit","view":"view-2","x":724,"msgs":204,"first":"8h9pkdsenb4eqsyruu2z46ahsa","branch":"none","headPx":0,"margin":0,"before":9627,"top":9627,"sh":13107,"ch":600,"held":{"id":"37wk9fyibj3pn6a24pusvrjmui","delta":-60,"index":159},"drawn":9567,"now":{"id":"37wk9fyibj3pn6a24pusvrjmui","delta":-60,"index":159}}
{"n":138,"at":1786660744482,"t":12633,"kind":"scroll","view":"view-2","top":9579,"sh":13107,"ch":600}
{"n":139,"at":1786660744497,"t":12649,"kind":"scroll","view":"view-2","top":9535,"sh":13107,"ch":600}
{"n":140,"at":1786660744502,"t":12654,"kind":"commit","view":"view-2","x":724,"msgs":204,"first":"8h9pkdsenb4eqsyruu2z46ahsa","branch":"none","headPx":0,"margin":0,"before":9535,"top":9535,"sh":13107,"ch":600,"held":{"id":"79te73nxsu6cc5icpxnkx22fzn","delta":-69,"index":158},"drawn":9466,"now":{"id":"79te73nxsu6cc5icpxnkx22fzn","delta":-69,"index":158}}
{"n":141,"at":1786660744514,"t":12666,"kind":"scroll","view":"view-2","top":9486,"sh":13107,"ch":600}
{"n":142,"at":1786660744519,"t":12670,"kind":"commit","view":"view-2","x":724,"msgs":204,"first":"8h9pkdsenb4eqsyruu2z46ahsa","branch":"none","headPx":0,"margin":0,"before":9486,"top":9486,"sh":13107,"ch":600,"held":{"id":"79te73nxsu6cc5icpxnkx22fzn","delta":-20,"index":158},"drawn":9466,"now":{"id":"79te73nxsu6cc5icpxnkx22fzn","delta":-20,"index":158}}
{"n":143,"at":1786660744531,"t":12683,"kind":"scroll","view":"view-2","top":9434,"sh":13107,"ch":600}
{"n":144,"at":1786660744536,"t":12687,"kind":"commit","view":"view-2","x":724,"msgs":204,"first":"8h9pkdsenb4eqsyruu2z46ahsa","branch":"none","headPx":0,"margin":0,"before":9434,"top":9434,"sh":13107,"ch":600,"held":{"id":"9s5mn8xbp5s4i8488angpjhu3a","delta":-25,"index":157},"drawn":9409,"now":{"id":"9s5mn8xbp5s4i8488angpjhu3a","delta":-25,"index":157}}
{"n":145,"at":1786660744548,"t":12699,"kind":"scroll","view":"view-2","top":9381,"sh":13107,"ch":600}
{"n":146,"at":1786660744553,"t":12704,"kind":"commit","view":"view-2","x":724,"msgs":204,"first":"8h9pkdsenb4eqsyruu2z46ahsa","branch":"none","headPx":0,"margin":0,"before":9381,"top":9381,"sh":13107,"ch":600,"held":{"id":"t4766fb3t5t46ketxx47z6f926","delta":-141,"index":155},"drawn":9240,"now":{"id":"t4766fb3t5t46ketxx47z6f926","delta":-141,"index":155}}
{"n":147,"at":1786660744565,"t":12717,"kind":"scroll","view":"view-2","top":9328,"sh":13107,"ch":600}
{"n":148,"at":1786660744582,"t":12734,"kind":"scroll","view":"view-2","top":9273,"sh":13107,"ch":600}
{"n":149,"at":1786660744586,"t":12738,"kind":"commit","view":"view-2","x":724,"msgs":204,"first":"8h9pkdsenb4eqsyruu2z46ahsa","branch":"none","headPx":0,"margin":0,"before":9273,"top":9273,"sh":13107,"ch":600,"held":{"id":"t4766fb3t5t46ketxx47z6f926","delta":-33,"index":155},"drawn":9240,"now":{"id":"t4766fb3t5t46ketxx47z6f926","delta":-33,"index":155}}
{"n":150,"at":1786660744598,"t":12749,"kind":"scroll","view":"view-2","top":9221,"sh":13107,"ch":600}
{"n":151,"at":1786660744602,"t":12754,"kind":"commit","view":"view-2","x":724,"msgs":204,"first":"8h9pkdsenb4eqsyruu2z46ahsa","branch":"none","headPx":0,"margin":0,"before":9221,"top":9221,"sh":13107,"ch":600,"held":{"id":"5q9yge9uqc8nhsqbek5vm8i7ms","delta":-82,"index":154},"drawn":9139,"now":{"id":"5q9yge9uqc8nhsqbek5vm8i7ms","delta":-82,"index":154}}
{"n":152,"at":1786660744614,"t":12766,"kind":"scroll","view":"view-2","top":9168,"sh":13107,"ch":600}
{"n":153,"at":1786660744618,"t":12770,"kind":"commit","view":"view-2","x":724,"msgs":204,"first":"8h9pkdsenb4eqsyruu2z46ahsa","branch":"none","headPx":0,"margin":0,"before":9168,"top":9168,"sh":13107,"ch":600,"held":{"id":"5q9yge9uqc8nhsqbek5vm8i7ms","delta":-29,"index":154},"drawn":9139,"now":{"id":"5q9yge9uqc8nhsqbek5vm8i7ms","delta":-29,"index":154}}
{"n":154,"at":1786660744632,"t":12783,"kind":"scroll","view":"view-2","top":9115,"sh":13107,"ch":600}
{"n":155,"at":1786660744636,"t":12787,"kind":"commit","view":"view-2","x":724,"msgs":204,"first":"8h9pkdsenb4eqsyruu2z46ahsa","branch":"none","headPx":0,"margin":0,"before":9115,"top":9115,"sh":13107,"ch":600,"held":{"id":"v33zbv6d36nfavahprg5wehhp6","delta":-77,"index":153},"drawn":9038,"now":{"id":"v33zbv6d36nfavahprg5wehhp6","delta":-77,"index":153}}
{"n":156,"at":1786660744648,"t":12800,"kind":"scroll","view":"view-2","top":9086,"sh":13107,"ch":600}
{"n":157,"at":1786660744665,"t":12817,"kind":"scroll","view":"view-2","top":9035,"sh":13107,"ch":600}
{"n":158,"at":1786660744670,"t":12822,"kind":"commit","view":"view-2","x":724,"msgs":204,"first":"8h9pkdsenb4eqsyruu2z46ahsa","branch":"none","headPx":0,"margin":0,"before":9035,"top":9035,"sh":13107,"ch":600,"held":{"id":"zqdaiqzhq423422cu32rdxqqpi","delta":-54,"index":152},"drawn":8981,"now":{"id":"zqdaiqzhq423422cu32rdxqqpi","delta":-54,"index":152}}
{"n":159,"at":1786660744681,"t":12833,"kind":"scroll","view":"view-2","top":8790,"sh":13107,"ch":600}
{"n":160,"at":1786660744686,"t":12838,"kind":"commit","view":"view-2","x":724,"msgs":204,"first":"8h9pkdsenb4eqsyruu2z46ahsa","branch":"none","headPx":0,"margin":0,"before":8790,"top":8790,"sh":13107,"ch":600,"held":{"id":"8ixam8rh3qyss8gi8uqrkzd4ie","delta":-11,"index":150},"drawn":8779,"now":{"id":"8ixam8rh3qyss8gi8uqrkzd4ie","delta":-11,"index":150}}
{"n":161,"at":1786660744698,"t":12850,"kind":"scroll","view":"view-2","top":8571,"sh":13107,"ch":600}
{"n":162,"at":1786660744703,"t":12855,"kind":"commit","view":"view-2","x":724,"msgs":204,"first":"8h9pkdsenb4eqsyruu2z46ahsa","branch":"none","headPx":0,"margin":0,"before":8571,"top":8571,"sh":13107,"ch":600,"held":{"id":"5938c3quugs2vemmzug4i5bj8w","delta":-95,"index":147},"drawn":8476,"now":{"id":"5938c3quugs2vemmzug4i5bj8w","delta":-95,"index":147}}
{"n":163,"at":1786660744714,"t":12866,"kind":"scroll","view":"view-2","top":8367,"sh":13107,"ch":600}
{"n":164,"at":1786660744719,"t":12871,"kind":"commit","view":"view-2","x":724,"msgs":204,"first":"8h9pkdsenb4eqsyruu2z46ahsa","branch":"none","headPx":0,"margin":0,"before":8367,"top":8367,"sh":13107,"ch":600,"held":{"id":"vq8u2c4enkhdbrw3r5wpm8uxx2","delta":-102,"index":146},"drawn":8265,"now":{"id":"vq8u2c4enkhdbrw3r5wpm8uxx2","delta":-102,"index":146}}
{"n":165,"at":1786660744732,"t":12883,"kind":"scroll","view":"view-2","top":8194,"sh":13107,"ch":600}
{"n":166,"at":1786660744739,"t":12891,"kind":"commit","view":"view-2","x":724,"msgs":204,"first":"8h9pkdsenb4eqsyruu2z46ahsa","branch":"none","headPx":0,"margin":0,"before":8194,"top":8194,"sh":13107,"ch":600,"held":{"id":"iezzeyj2na8dcspkii94xwpac2","delta":-30,"index":145},"drawn":8164,"now":{"id":"iezzeyj2na8dcspkii94xwpac2","delta":-30,"index":145}}
{"n":167,"at":1786660744743,"t":12895,"kind":"commit","view":"view-2","x":724,"msgs":204,"first":"8h9pkdsenb4eqsyruu2z46ahsa","branch":"none","headPx":0,"margin":0,"before":8249,"top":8249,"sh":13162,"ch":600,"held":{"id":"iezzeyj2na8dcspkii94xwpac2","delta":-30,"index":145},"drawn":8219,"now":{"id":"iezzeyj2na8dcspkii94xwpac2","delta":-30,"index":145}}
{"n":168,"at":1786660744765,"t":12916,"kind":"scroll","view":"view-2","top":8247,"sh":13162,"ch":600}
{"n":169,"at":1786660744782,"t":12934,"kind":"scroll","view":"view-2","top":8222,"sh":13162,"ch":600}
{"n":170,"at":1786660744786,"t":12938,"kind":"commit","view":"view-2","x":724,"msgs":204,"first":"8h9pkdsenb4eqsyruu2z46ahsa","branch":"none","headPx":0,"margin":0,"before":8222,"top":8222,"sh":13162,"ch":600,"held":{"id":"iezzeyj2na8dcspkii94xwpac2","delta":-3,"index":145},"drawn":8219,"now":{"id":"iezzeyj2na8dcspkii94xwpac2","delta":-3,"index":145}}
{"n":171,"at":1786660744797,"t":12949,"kind":"scroll","view":"view-2","top":8194,"sh":13162,"ch":600}
{"n":172,"at":1786660744801,"t":12953,"kind":"commit","view":"view-2","x":724,"msgs":204,"first":"8h9pkdsenb4eqsyruu2z46ahsa","branch":"none","headPx":0,"margin":0,"before":8194,"top":8194,"sh":13162,"ch":600,"held":{"id":"tmbikkt73rydhbir59xfxhb9xs","delta":-76,"index":144},"drawn":8118,"now":{"id":"tmbikkt73rydhbir59xfxhb9xs","delta":-76,"index":144}}
{"n":173,"at":1786660744805,"t":12957,"kind":"commit","view":"view-2","x":724,"msgs":204,"first":"8h9pkdsenb4eqsyruu2z46ahsa","branch":"none","headPx":0,"margin":0,"before":8249,"top":8249,"sh":13217,"ch":600,"held":{"id":"tmbikkt73rydhbir59xfxhb9xs","delta":-76,"index":144},"drawn":8173,"now":{"id":"tmbikkt73rydhbir59xfxhb9xs","delta":-76,"index":144}}
{"n":174,"at":1786660744815,"t":12966,"kind":"scroll","view":"view-2","top":8249,"sh":13217,"ch":600}
{"n":175,"at":1786660744817,"t":12969,"kind":"scroll","view":"view-2","top":8243,"sh":13217,"ch":600}
{"n":176,"at":1786660744834,"t":12985,"kind":"scroll","view":"view-2","top":8236,"sh":13217,"ch":600}
{"n":177,"at":1786660744850,"t":13001,"kind":"scroll","view":"view-2","top":8227,"sh":13217,"ch":600}
{"n":178,"at":1786660744866,"t":13017,"kind":"scroll","view":"view-2","top":8216,"sh":13217,"ch":600}
{"n":179,"at":1786660744882,"t":13033,"kind":"scroll","view":"view-2","top":8203,"sh":13217,"ch":600}
{"n":180,"at":1786660744898,"t":13049,"kind":"scroll","view":"view-2","top":8188,"sh":13217,"ch":600}
{"n":181,"at":1786660744902,"t":13053,"kind":"commit","view":"view-2","x":724,"msgs":204,"first":"8h9pkdsenb4eqsyruu2z46ahsa","branch":"none","headPx":0,"margin":0,"before":8188,"top":8188,"sh":13217,"ch":600,"held":{"id":"tmbikkt73rydhbir59xfxhb9xs","delta":-15,"index":144},"drawn":8173,"now":{"id":"tmbikkt73rydhbir59xfxhb9xs","delta":-15,"index":144}}
{"n":182,"at":1786660744915,"t":13067,"kind":"scroll","view":"view-2","top":8171,"sh":13217,"ch":600}
{"n":183,"at":1786660744919,"t":13070,"kind":"commit","view":"view-2","x":724,"msgs":204,"first":"8h9pkdsenb4eqsyruu2z46ahsa","branch":"none","headPx":0,"margin":0,"before":8171,"top":8171,"sh":13217,"ch":600,"held":{"id":"94ivnjxb2y26q2nvvc45ndpcie","delta":-99,"index":143},"drawn":8072,"now":{"id":"94ivnjxb2y26q2nvvc45ndpcie","delta":-99,"index":143}}
{"n":184,"at":1786660744922,"t":13074,"kind":"commit","view":"view-2","x":724,"msgs":204,"first":"8h9pkdsenb4eqsyruu2z46ahsa","branch":"none","headPx":0,"margin":0,"before":8226,"top":8226,"sh":13272,"ch":600,"held":{"id":"94ivnjxb2y26q2nvvc45ndpcie","delta":-99,"index":143},"drawn":8127,"now":{"id":"94ivnjxb2y26q2nvvc45ndpcie","delta":-99,"index":143}}
{"n":185,"at":1786660744931,"t":13083,"kind":"scroll","view":"view-2","top":8224,"sh":13272,"ch":600}
{"n":186,"at":1786660744948,"t":13099,"kind":"scroll","view":"view-2","top":8219,"sh":13272,"ch":600}
{"n":187,"at":1786660744965,"t":13116,"kind":"scroll","view":"view-2","top":8212,"sh":13272,"ch":600}
{"n":188,"at":1786660744981,"t":13132,"kind":"scroll","view":"view-2","top":8204,"sh":13272,"ch":600}
{"n":189,"at":1786660744999,"t":13151,"kind":"scroll","view":"view-2","top":8193,"sh":13272,"ch":600}
{"n":190,"at":1786660745015,"t":13167,"kind":"scroll","view":"view-2","top":8181,"sh":13272,"ch":600}
{"n":191,"at":1786660745032,"t":13184,"kind":"scroll","view":"view-2","top":8166,"sh":13272,"ch":600}
{"n":192,"at":1786660745048,"t":13200,"kind":"scroll","view":"view-2","top":8149,"sh":13272,"ch":600}
{"n":193,"at":1786660745065,"t":13217,"kind":"scroll","view":"view-2","top":8130,"sh":13272,"ch":600}
{"n":194,"at":1786660745069,"t":13221,"kind":"commit","view":"view-2","x":724,"msgs":204,"first":"8h9pkdsenb4eqsyruu2z46ahsa","branch":"none","headPx":0,"margin":0,"before":8130,"top":8130,"sh":13272,"ch":600,"held":{"id":"94ivnjxb2y26q2nvvc45ndpcie","delta":-3,"index":143},"drawn":8127,"now":{"id":"94ivnjxb2y26q2nvvc45ndpcie","delta":-3,"index":143}}
{"n":195,"at":1786660745081,"t":13233,"kind":"scroll","view":"view-2","top":8113,"sh":13272,"ch":600}
{"n":196,"at":1786660745085,"t":13237,"kind":"commit","view":"view-2","x":724,"msgs":204,"first":"8h9pkdsenb4eqsyruu2z46ahsa","branch":"none","headPx":0,"margin":0,"before":8113,"top":8113,"sh":13272,"ch":600,"held":{"id":"z3fmkj4bpcuau7hqxsy7xib442","delta":-59,"index":142},"drawn":8054,"now":{"id":"z3fmkj4bpcuau7hqxsy7xib442","delta":-59,"index":142}}
{"n":197,"at":1786660745088,"t":13240,"kind":"commit","view":"view-2","x":724,"msgs":204,"first":"8h9pkdsenb4eqsyruu2z46ahsa","branch":"none","headPx":0,"margin":0,"before":8168,"top":8168,"sh":13327,"ch":600,"held":{"id":"z3fmkj4bpcuau7hqxsy7xib442","delta":-59,"index":142},"drawn":8109,"now":{"id":"z3fmkj4bpcuau7hqxsy7xib442","delta":-59,"index":142}}
{"n":198,"at":1786660745098,"t":13249,"kind":"scroll","view":"view-2","top":8168,"sh":13327,"ch":600}
{"n":199,"at":1786660745107,"t":13259,"kind":"scroll","view":"view-2","top":8162,"sh":13327,"ch":600}
{"n":200,"at":1786660745123,"t":13275,"kind":"scroll","view":"view-2","top":8155,"sh":13327,"ch":600}
{"n":201,"at":1786660745139,"t":13291,"kind":"scroll","view":"view-2","top":8150,"sh":13327,"ch":600}
{"n":202,"at":1786660745156,"t":13307,"kind":"scroll","view":"view-2","top":8141,"sh":13327,"ch":600}
{"n":203,"at":1786660745171,"t":13323,"kind":"scroll","view":"view-2","top":8134,"sh":13327,"ch":600}
{"n":204,"at":1786660745188,"t":13339,"kind":"scroll","view":"view-2","top":8071,"sh":13327,"ch":600}
{"n":205,"at":1786660745191,"t":13343,"kind":"commit","view":"view-2","x":724,"msgs":204,"first":"8h9pkdsenb4eqsyruu2z46ahsa","branch":"none","headPx":0,"margin":0,"before":8071,"top":8071,"sh":13327,"ch":600,"held":{"id":"xdqehsqiemgiudgtiaak37m7hn","delta":-63,"index":141},"drawn":8008,"now":{"id":"xdqehsqiemgiudgtiaak37m7hn","delta":-63,"index":141}}
{"n":206,"at":1786660745194,"t":13346,"kind":"commit","view":"view-2","x":724,"msgs":204,"first":"8h9pkdsenb4eqsyruu2z46ahsa","branch":"none","headPx":0,"margin":0,"before":8082,"top":8082,"sh":13338,"ch":600,"held":{"id":"xdqehsqiemgiudgtiaak37m7hn","delta":-63,"index":141},"drawn":8019,"now":{"id":"xdqehsqiemgiudgtiaak37m7hn","delta":-63,"index":141}}
{"n":207,"at":1786660745215,"t":13367,"kind":"scroll","view":"view-2","top":8082,"sh":13338,"ch":600}
{"n":208,"at":1786660745220,"t":13371,"kind":"scroll","view":"view-2","top":8058,"sh":13338,"ch":600}
{"n":209,"at":1786660745236,"t":13388,"kind":"scroll","view":"view-2","top":8035,"sh":13338,"ch":600}
{"n":210,"at":1786660745252,"t":13404,"kind":"scroll","view":"view-2","top":8022,"sh":13338,"ch":600}
{"n":211,"at":1786660745268,"t":13420,"kind":"scroll","view":"view-2","top":8005,"sh":13338,"ch":600}
{"n":212,"at":1786660745272,"t":13424,"kind":"commit","view":"view-2","x":724,"msgs":204,"first":"8h9pkdsenb4eqsyruu2z46ahsa","branch":"none","headPx":0,"margin":0,"before":8005,"top":8005,"sh":13338,"ch":600,"held":{"id":"v5mft7rnbr9qsg6m2hxadmi53n","delta":-87,"index":140},"drawn":7918,"now":{"id":"v5mft7rnbr9qsg6m2hxadmi53n","delta":-87,"index":140}}
{"n":213,"at":1786660745275,"t":13427,"kind":"commit","view":"view-2","x":724,"msgs":204,"first":"8h9pkdsenb4eqsyruu2z46ahsa","branch":"none","headPx":0,"margin":0,"before":8170,"top":8170,"sh":13503,"ch":600,"held":{"id":"v5mft7rnbr9qsg6m2hxadmi53n","delta":-87,"index":140},"drawn":8083,"now":{"id":"v5mft7rnbr9qsg6m2hxadmi53n","delta":-87,"index":140}}
{"n":214,"at":1786660745284,"t":13436,"kind":"scroll","view":"view-2","top":8165,"sh":13503,"ch":600}
{"n":215,"at":1786660745300,"t":13452,"kind":"scroll","view":"view-2","top":8158,"sh":13503,"ch":600}
{"n":216,"at":1786660745316,"t":13468,"kind":"scroll","view":"view-2","top":8149,"sh":13503,"ch":600}
{"n":217,"at":1786660745332,"t":13484,"kind":"scroll","view":"view-2","top":8140,"sh":13503,"ch":600}
{"n":218,"at":1786660745348,"t":13500,"kind":"scroll","view":"view-2","top":8127,"sh":13503,"ch":600}
{"n":219,"at":1786660745365,"t":13516,"kind":"scroll","view":"view-2","top":8113,"sh":13503,"ch":600}
{"n":220,"at":1786660745381,"t":13533,"kind":"scroll","view":"view-2","top":8096,"sh":13503,"ch":600}
{"n":221,"at":1786660745398,"t":13550,"kind":"scroll","view":"view-2","top":8078,"sh":13503,"ch":600}
{"n":222,"at":1786660745402,"t":13554,"kind":"commit","view":"view-2","x":724,"msgs":204,"first":"8h9pkdsenb4eqsyruu2z46ahsa","branch":"none","headPx":0,"margin":0,"before":8078,"top":8078,"sh":13503,"ch":600,"held":{"id":"t65tv55j4r6hi28jgxgvriukj2","delta":-96,"index":139},"drawn":7982,"now":{"id":"t65tv55j4r6hi28jgxgvriukj2","delta":-96,"index":139}}
{"n":223,"at":1786660745406,"t":13557,"kind":"commit","view":"view-2","x":724,"msgs":204,"first":"8h9pkdsenb4eqsyruu2z46ahsa","branch":"none","headPx":0,"margin":0,"before":8133,"top":8133,"sh":13558,"ch":600,"held":{"id":"t65tv55j4r6hi28jgxgvriukj2","delta":-96,"index":139},"drawn":8037,"now":{"id":"t65tv55j4r6hi28jgxgvriukj2","delta":-96,"index":139}}
{"n":224,"at":1786660745415,"t":13567,"kind":"scroll","view":"view-2","top":8131,"sh":13558,"ch":600}
{"n":225,"at":1786660745431,"t":13583,"kind":"scroll","view":"view-2","top":8126,"sh":13558,"ch":600}
{"n":226,"at":1786660745448,"t":13600,"kind":"scroll","view":"view-2","top":8120,"sh":13558,"ch":600}
{"n":227,"at":1786660745464,"t":13616,"kind":"scroll","view":"view-2","top":8112,"sh":13558,"ch":600}
{"n":228,"at":1786660745468,"t":13620,"kind":"commit","view":"view-2","x":724,"msgs":204,"first":"8h9pkdsenb4eqsyruu2z46ahsa","branch":"none","headPx":0,"margin":0,"before":8112,"top":8112,"sh":13558,"ch":600,"held":{"id":"t65tv55j4r6hi28jgxgvriukj2","delta":-75,"index":139},"drawn":8037,"now":{"id":"t65tv55j4r6hi28jgxgvriukj2","delta":-75,"index":139}}
{"n":229,"at":1786660745481,"t":13633,"kind":"scroll","view":"view-2","top":8101,"sh":13558,"ch":600}
{"n":230,"at":1786660745498,"t":13650,"kind":"scroll","view":"view-2","top":8090,"sh":13558,"ch":600}
{"n":231,"at":1786660745515,"t":13667,"kind":"scroll","view":"view-2","top":8076,"sh":13558,"ch":600}
{"n":232,"at":1786660745531,"t":13683,"kind":"scroll","view":"view-2","top":8060,"sh":13558,"ch":600}
{"n":233,"at":1786660745548,"t":13700,"kind":"scroll","view":"view-2","top":8044,"sh":13558,"ch":600}
{"n":234,"at":1786660745565,"t":13717,"kind":"scroll","view":"view-2","top":8026,"sh":13558,"ch":600}
{"n":235,"at":1786660745569,"t":13721,"kind":"commit","view":"view-2","x":724,"msgs":204,"first":"8h9pkdsenb4eqsyruu2z46ahsa","branch":"none","headPx":0,"margin":0,"before":8026,"top":8026,"sh":13558,"ch":600,"held":{"id":"evtmbf2fkan3c622ayxfwpabw6","delta":-46,"index":138},"drawn":7980,"now":{"id":"evtmbf2fkan3c622ayxfwpabw6","delta":-46,"index":138}}
{"n":236,"at":1786660745573,"t":13725,"kind":"commit","view":"view-2","x":724,"msgs":204,"first":"8h9pkdsenb4eqsyruu2z46ahsa","branch":"none","headPx":0,"margin":0,"before":8081,"top":8081,"sh":13613,"ch":600,"held":{"id":"evtmbf2fkan3c622ayxfwpabw6","delta":-46,"index":138},"drawn":8035,"now":{"id":"evtmbf2fkan3c622ayxfwpabw6","delta":-46,"index":138}}
{"n":237,"at":1786660745581,"t":13732,"kind":"scroll","view":"view-2","top":8081,"sh":13613,"ch":600}
{"n":238,"at":1786660745590,"t":13741,"kind":"scroll","view":"view-2","top":8076,"sh":13613,"ch":600}
{"n":239,"at":1786660745606,"t":13757,"kind":"scroll","view":"view-2","top":8072,"sh":13613,"ch":600}
{"n":240,"at":1786660745622,"t":13773,"kind":"scroll","view":"view-2","top":8066,"sh":13613,"ch":600}
{"n":241,"at":1786660745625,"t":13776,"kind":"commit","view":"view-2","x":724,"msgs":204,"first":"8h9pkdsenb4eqsyruu2z46ahsa","branch":"none","headPx":0,"margin":0,"before":8066,"top":8066,"sh":13613,"ch":600,"held":{"id":"evtmbf2fkan3c622ayxfwpabw6","delta":-31,"index":138},"drawn":8035,"now":{"id":"evtmbf2fkan3c622ayxfwpabw6","delta":-31,"index":138}}
{"n":242,"at":1786660745638,"t":13789,"kind":"scroll","view":"view-2","top":8062,"sh":13613,"ch":600}
{"n":243,"at":1786660745670,"t":13822,"kind":"scroll","view":"view-2","top":7997,"sh":13613,"ch":600}
{"n":244,"at":1786660745675,"t":13827,"kind":"commit","view":"view-2","x":724,"msgs":204,"first":"8h9pkdsenb4eqsyruu2z46ahsa","branch":"none","headPx":0,"margin":0,"before":7997,"top":7997,"sh":13613,"ch":600,"held":{"id":"buhzb9zaq3eb4i5n2hpnr5pizs","delta":-63,"index":137},"drawn":7934,"now":{"id":"buhzb9zaq3eb4i5n2hpnr5pizs","delta":-63,"index":137}}
{"n":245,"at":1786660745678,"t":13830,"kind":"commit","view":"view-2","x":724,"msgs":204,"first":"8h9pkdsenb4eqsyruu2z46ahsa","branch":"none","headPx":0,"margin":0,"before":8008,"top":8008,"sh":13624,"ch":600,"held":{"id":"buhzb9zaq3eb4i5n2hpnr5pizs","delta":-63,"index":137},"drawn":7945,"now":{"id":"buhzb9zaq3eb4i5n2hpnr5pizs","delta":-63,"index":137}}
{"n":246,"at":1786660745698,"t":13850,"kind":"scroll","view":"view-2","top":8004,"sh":13624,"ch":600}
{"n":247,"at":1786660745714,"t":13866,"kind":"scroll","view":"view-2","top":7980,"sh":13624,"ch":600}
{"n":248,"at":1786660745718,"t":13870,"kind":"commit","view":"view-2","x":724,"msgs":204,"first":"8h9pkdsenb4eqsyruu2z46ahsa","branch":"none","headPx":0,"margin":0,"before":7980,"top":7980,"sh":13624,"ch":600,"held":{"id":"buhzb9zaq3eb4i5n2hpnr5pizs","delta":-35,"index":137},"drawn":7945,"now":{"id":"buhzb9zaq3eb4i5n2hpnr5pizs","delta":-35,"index":137}}
{"n":249,"at":1786660745731,"t":13883,"kind":"scroll","view":"view-2","top":7953,"sh":13624,"ch":600}
{"n":250,"at":1786660745748,"t":13900,"kind":"scroll","view":"view-2","top":7921,"sh":13624,"ch":600}
{"n":251,"at":1786660745752,"t":13904,"kind":"commit","view":"view-2","x":724,"msgs":204,"first":"8h9pkdsenb4eqsyruu2z46ahsa","branch":"none","headPx":0,"margin":0,"before":7921,"top":7921,"sh":13624,"ch":600,"held":{"id":"bz8b3cn8ie7w3u2caju9qzhzus","delta":-77,"index":136},"drawn":7844,"now":{"id":"bz8b3cn8ie7w3u2caju9qzhzus","delta":-77,"index":136}}
{"n":252,"at":1786660745756,"t":13908,"kind":"commit","view":"view-2","x":724,"msgs":204,"first":"8h9pkdsenb4eqsyruu2z46ahsa","branch":"none","headPx":0,"margin":0,"before":7976,"top":7976,"sh":13679,"ch":600,"held":{"id":"bz8b3cn8ie7w3u2caju9qzhzus","delta":-77,"index":136},"drawn":7899,"now":{"id":"bz8b3cn8ie7w3u2caju9qzhzus","delta":-77,"index":136}}
{"n":253,"at":1786660745764,"t":13916,"kind":"scroll","view":"view-2","top":7976,"sh":13679,"ch":600}
{"n":254,"at":1786660745766,"t":13918,"kind":"scroll","view":"view-2","top":7972,"sh":13679,"ch":600}
{"n":255,"at":1786660745783,"t":13934,"kind":"scroll","view":"view-2","top":7966,"sh":13679,"ch":600}
{"n":256,"at":1786660745799,"t":13950,"kind":"scroll","view":"view-2","top":7960,"sh":13679,"ch":600}
{"n":257,"at":1786660745815,"t":13967,"kind":"scroll","view":"view-2","top":7952,"sh":13679,"ch":600}
{"n":258,"at":1786660745831,"t":13983,"kind":"scroll","view":"view-2","top":7941,"sh":13679,"ch":600}
{"n":259,"at":1786660745848,"t":14000,"kind":"scroll","view":"view-2","top":7929,"sh":13679,"ch":600}
{"n":260,"at":1786660745852,"t":14004,"kind":"commit","view":"view-2","x":724,"msgs":204,"first":"8h9pkdsenb4eqsyruu2z46ahsa","branch":"none","headPx":0,"margin":0,"before":7929,"top":7929,"sh":13679,"ch":600,"held":{"id":"bz8b3cn8ie7w3u2caju9qzhzus","delta":-30,"index":136},"drawn":7899,"now":{"id":"bz8b3cn8ie7w3u2caju9qzhzus","delta":-30,"index":136}}
{"n":261,"at":1786660745864,"t":14016,"kind":"scroll","view":"view-2","top":7915,"sh":13679,"ch":600}
{"n":262,"at":1786660745881,"t":14033,"kind":"scroll","view":"view-2","top":7902,"sh":13679,"ch":600}
{"n":263,"at":1786660745898,"t":14050,"kind":"scroll","view":"view-2","top":7888,"sh":13679,"ch":600}
{"n":264,"at":1786660745902,"t":14054,"kind":"commit","view":"view-2","x":724,"msgs":204,"first":"8h9pkdsenb4eqsyruu2z46ahsa","branch":"none","headPx":0,"margin":0,"before":7888,"top":7888,"sh":13679,"ch":600,"held":{"id":"6zbivzthf42ce8zky7w8k2ch42","delta":-90,"index":135},"drawn":7798,"now":{"id":"6zbivzthf42ce8zky7w8k2ch42","delta":-90,"index":135}}
{"n":265,"at":1786660745905,"t":14057,"kind":"commit","view":"view-2","x":724,"msgs":204,"first":"8h9pkdsenb4eqsyruu2z46ahsa","branch":"none","headPx":0,"margin":0,"before":7943,"top":7943,"sh":13734,"ch":600,"held":{"id":"6zbivzthf42ce8zky7w8k2ch42","delta":-90,"index":135},"drawn":7853,"now":{"id":"6zbivzthf42ce8zky7w8k2ch42","delta":-90,"index":135}}
{"n":266,"at":1786660745915,"t":14066,"kind":"scroll","view":"view-2","top":7942,"sh":13734,"ch":600}
{"n":267,"at":1786660745931,"t":14083,"kind":"scroll","view":"view-2","top":7938,"sh":13734,"ch":600}
{"n":268,"at":1786660745948,"t":14100,"kind":"scroll","view":"view-2","top":7933,"sh":13734,"ch":600}
{"n":269,"at":1786660745965,"t":14117,"kind":"scroll","view":"view-2","top":7927,"sh":13734,"ch":600}
{"n":270,"at":1786660745981,"t":14133,"kind":"scroll","view":"view-2","top":7921,"sh":13734,"ch":600}
{"n":271,"at":1786660745998,"t":14150,"kind":"scroll","view":"view-2","top":7913,"sh":13734,"ch":600}
{"n":272,"at":1786660746002,"t":14154,"kind":"commit","view":"view-2","x":724,"msgs":204,"first":"8h9pkdsenb4eqsyruu2z46ahsa","branch":"none","headPx":0,"margin":0,"before":7913,"top":7913,"sh":13734,"ch":600,"held":{"id":"6zbivzthf42ce8zky7w8k2ch42","delta":-60,"index":135},"drawn":7853,"now":{"id":"6zbivzthf42ce8zky7w8k2ch42","delta":-60,"index":135}}
{"n":273,"at":1786660746015,"t":14166,"kind":"scroll","view":"view-2","top":7903,"sh":13734,"ch":600}
{"n":274,"at":1786660746031,"t":14183,"kind":"scroll","view":"view-2","top":7892,"sh":13734,"ch":600}
{"n":275,"at":1786660746048,"t":14200,"kind":"scroll","view":"view-2","top":7880,"sh":13734,"ch":600}
{"n":276,"at":1786660746065,"t":14216,"kind":"scroll","view":"view-2","top":7870,"sh":13734,"ch":600}
{"n":277,"at":1786660746082,"t":14233,"kind":"scroll","view":"view-2","top":7856,"sh":13734,"ch":600}
{"n":278,"at":1786660746098,"t":14249,"kind":"scroll","view":"view-2","top":7851,"sh":13734,"ch":600}
{"n":279,"at":1786660746102,"t":14254,"kind":"commit","view":"view-2","x":724,"msgs":204,"first":"8h9pkdsenb4eqsyruu2z46ahsa","branch":"none","headPx":0,"margin":0,"before":7851,"top":7851,"sh":13734,"ch":600,"held":{"id":"3eermzcdfukd7mgwxjd3mips8w","delta":-99,"index":134},"drawn":7752,"now":{"id":"3eermzcdfukd7mgwxjd3mips8w","delta":-99,"index":134}}
{"n":280,"at":1786660746106,"t":14257,"kind":"commit","view":"view-2","x":724,"msgs":204,"first":"8h9pkdsenb4eqsyruu2z46ahsa","branch":"none","headPx":0,"margin":0,"before":7906,"top":7906,"sh":13789,"ch":600,"held":{"id":"3eermzcdfukd7mgwxjd3mips8w","delta":-99,"index":134},"drawn":7807,"now":{"id":"3eermzcdfukd7mgwxjd3mips8w","delta":-99,"index":134}}
{"n":281,"at":1786660746114,"t":14266,"kind":"scroll","view":"view-2","top":7906,"sh":13789,"ch":600}
{"n":282,"at":1786660746120,"t":14272,"kind":"scroll","view":"view-2","top":7892,"sh":13789,"ch":600}
{"n":283,"at":1786660746136,"t":14288,"kind":"scroll","view":"view-2","top":7866,"sh":13789,"ch":600}
{"n":284,"at":1786660746139,"t":14291,"kind":"commit","view":"view-2","x":724,"msgs":204,"first":"8h9pkdsenb4eqsyruu2z46ahsa","branch":"none","headPx":0,"margin":0,"before":7866,"top":7866,"sh":13789,"ch":600,"held":{"id":"3eermzcdfukd7mgwxjd3mips8w","delta":-59,"index":134},"drawn":7807,"now":{"id":"3eermzcdfukd7mgwxjd3mips8w","delta":-59,"index":134}}
{"n":285,"at":1786660746152,"t":14304,"kind":"scroll","view":"view-2","top":7853,"sh":13789,"ch":600}
{"n":286,"at":1786660746168,"t":14320,"kind":"scroll","view":"view-2","top":7835,"sh":13789,"ch":600}
{"n":287,"at":1786660746184,"t":14336,"kind":"scroll","view":"view-2","top":7813,"sh":13789,"ch":600}
{"n":288,"at":1786660746201,"t":14352,"kind":"scroll","view":"view-2","top":7787,"sh":13789,"ch":600}
{"n":289,"at":1786660746205,"t":14356,"kind":"commit","view":"view-2","x":724,"msgs":204,"first":"8h9pkdsenb4eqsyruu2z46ahsa","branch":"none","headPx":0,"margin":0,"before":7787,"top":7787,"sh":13789,"ch":600,"held":{"id":"5q5m5ss26a2rwt2kk7nx5ixdrn","delta":-81,"index":133},"drawn":7706,"now":{"id":"5q5m5ss26a2rwt2kk7nx5ixdrn","delta":-81,"index":133}}
{"n":290,"at":1786660746208,"t":14359,"kind":"commit","view":"view-2","x":724,"msgs":204,"first":"8h9pkdsenb4eqsyruu2z46ahsa","branch":"none","headPx":0,"margin":0,"before":7866,"top":7866,"sh":13868,"ch":600,"held":{"id":"5q5m5ss26a2rwt2kk7nx5ixdrn","delta":-81,"index":133},"drawn":7785,"now":{"id":"5q5m5ss26a2rwt2kk7nx5ixdrn","delta":-81,"index":133}}
{"n":291,"at":1786660746217,"t":14368,"kind":"scroll","view":"view-2","top":7861,"sh":13868,"ch":600}
{"n":292,"at":1786660746233,"t":14384,"kind":"scroll","view":"view-2","top":7849,"sh":13868,"ch":600}
{"n":293,"at":1786660746249,"t":14400,"kind":"scroll","view":"view-2","top":7844,"sh":13868,"ch":600}
{"n":294,"at":1786660746253,"t":14404,"kind":"commit","view":"view-2","x":724,"msgs":204,"first":"8h9pkdsenb4eqsyruu2z46ahsa","branch":"none","headPx":0,"margin":0,"before":7844,"top":7844,"sh":13868,"ch":600,"held":{"id":"5q5m5ss26a2rwt2kk7nx5ixdrn","delta":-59,"index":133},"drawn":7785,"now":{"id":"5q5m5ss26a2rwt2kk7nx5ixdrn","delta":-59,"index":133}}
{"n":295,"at":1786660746265,"t":14416,"kind":"scroll","view":"view-2","top":7838,"sh":13868,"ch":600}
{"n":296,"at":1786660746281,"t":14433,"kind":"scroll","view":"view-2","top":7832,"sh":13868,"ch":600}
{"n":297,"at":1786660746298,"t":14450,"kind":"scroll","view":"view-2","top":7825,"sh":13868,"ch":600}
{"n":298,"at":1786660746314,"t":14466,"kind":"scroll","view":"view-2","top":7817,"sh":13868,"ch":600}
{"n":299,"at":1786660746331,"t":14482,"kind":"scroll","view":"view-2","top":7807,"sh":13868,"ch":600}
{"n":300,"at":1786660746348,"t":14500,"kind":"scroll","view":"view-2","top":7798,"sh":13868,"ch":600}
{"n":301,"at":1786660746365,"t":14517,"kind":"scroll","view":"view-2","top":7790,"sh":13868,"ch":600}
{"n":302,"at":1786660746382,"t":14533,"kind":"scroll","view":"view-2","top":7779,"sh":13868,"ch":600}
{"n":303,"at":1786660746386,"t":14537,"kind":"commit","view":"view-2","x":724,"msgs":204,"first":"8h9pkdsenb4eqsyruu2z46ahsa","branch":"none","headPx":0,"margin":0,"before":7779,"top":7779,"sh":13868,"ch":600,"held":{"id":"f8d3qynfzudr85ad95jr6wbiun","delta":-95,"index":132},"drawn":7684,"now":{"id":"f8d3qynfzudr85ad95jr6wbiun","delta":-95,"index":132}}
{"n":304,"at":1786660746389,"t":14541,"kind":"commit","view":"view-2","x":724,"msgs":204,"first":"8h9pkdsenb4eqsyruu2z46ahsa","branch":"none","headPx":0,"margin":0,"before":7834,"top":7834,"sh":13923,"ch":600,"held":{"id":"f8d3qynfzudr85ad95jr6wbiun","delta":-95,"index":132},"drawn":7739,"now":{"id":"f8d3qynfzudr85ad95jr6wbiun","delta":-95,"index":132}}
{"n":305,"at":1786660746398,"t":14550,"kind":"scroll","view":"view-2","top":7833,"sh":13923,"ch":600}
{"n":306,"at":1786660746415,"t":14566,"kind":"scroll","view":"view-2","top":7831,"sh":13923,"ch":600}
{"n":307,"at":1786660746432,"t":14583,"kind":"scroll","view":"view-2","top":7829,"sh":13923,"ch":600}
{"n":308,"at":1786660746448,"t":14600,"kind":"scroll","view":"view-2","top":7826,"sh":13923,"ch":600}
{"n":309,"at":1786660746465,"t":14616,"kind":"scroll","view":"view-2","top":7822,"sh":13923,"ch":600}
{"n":310,"at":1786660746482,"t":14634,"kind":"scroll","view":"view-2","top":7816,"sh":13923,"ch":600}
{"n":311,"at":1786660746498,"t":14649,"kind":"scroll","view":"view-2","top":7811,"sh":13923,"ch":600}
{"n":312,"at":1786660746515,"t":14667,"kind":"scroll","view":"view-2","top":7805,"sh":13923,"ch":600}
{"n":313,"at":1786660746532,"t":14684,"kind":"scroll","view":"view-2","top":7799,"sh":13923,"ch":600}
{"n":314,"at":1786660746536,"t":14688,"kind":"commit","view":"view-2","x":724,"msgs":204,"first":"8h9pkdsenb4eqsyruu2z46ahsa","branch":"none","headPx":0,"margin":0,"before":7799,"top":7799,"sh":13923,"ch":600,"held":{"id":"f8d3qynfzudr85ad95jr6wbiun","delta":-60,"index":132},"drawn":7739,"now":{"id":"f8d3qynfzudr85ad95jr6wbiun","delta":-60,"index":132}}
{"n":315,"at":1786660746548,"t":14699,"kind":"scroll","view":"view-2","top":7702,"sh":13923,"ch":600}
{"n":316,"at":1786660746552,"t":14704,"kind":"commit","view":"view-2","x":724,"msgs":204,"first":"8h9pkdsenb4eqsyruu2z46ahsa","branch":"none","headPx":0,"margin":0,"before":7702,"top":7702,"sh":13923,"ch":600,"held":{"id":"mvi2p7h4v6jjis3y86m77ie92e","delta":-20,"index":131},"drawn":7682,"now":{"id":"mvi2p7h4v6jjis3y86m77ie92e","delta":-20,"index":131}}
{"n":317,"at":1786660746556,"t":14707,"kind":"commit","view":"view-2","x":724,"msgs":204,"first":"8h9pkdsenb4eqsyruu2z46ahsa","branch":"none","headPx":0,"margin":0,"before":7757,"top":7757,"sh":13978,"ch":600,"held":{"id":"mvi2p7h4v6jjis3y86m77ie92e","delta":-20,"index":131},"drawn":7737,"now":{"id":"mvi2p7h4v6jjis3y86m77ie92e","delta":-20,"index":131}}
{"n":318,"at":1786660746565,"t":14716,"kind":"scroll","view":"view-2","top":7757,"sh":13978,"ch":600}
{"n":319,"at":1786660746570,"t":14722,"kind":"scroll","view":"view-2","top":7743,"sh":13978,"ch":600}
{"n":320,"at":1786660746587,"t":14738,"kind":"scroll","view":"view-2","top":7717,"sh":13978,"ch":600}
{"n":321,"at":1786660746590,"t":14742,"kind":"commit","view":"view-2","x":724,"msgs":204,"first":"8h9pkdsenb4eqsyruu2z46ahsa","branch":"none","headPx":0,"margin":0,"before":7717,"top":7717,"sh":13978,"ch":600,"held":{"id":"shf3yszcpnh4dmip9pc3g5q6mi","delta":-191,"index":130},"drawn":7526,"now":{"id":"shf3yszcpnh4dmip9pc3g5q6mi","delta":-191,"index":130}}
{"n":322,"at":1786660746593,"t":14745,"kind":"commit","view":"view-2","x":724,"msgs":204,"first":"8h9pkdsenb4eqsyruu2z46ahsa","branch":"none","headPx":0,"margin":0,"before":7772,"top":7772,"sh":14033,"ch":600,"held":{"id":"shf3yszcpnh4dmip9pc3g5q6mi","delta":-191,"index":130},"drawn":7581,"now":{"id":"shf3yszcpnh4dmip9pc3g5q6mi","delta":-191,"index":130}}
{"n":323,"at":1786660746616,"t":14767,"kind":"scroll","view":"view-2","top":7767,"sh":14033,"ch":600}
{"n":324,"at":1786660746631,"t":14783,"kind":"scroll","view":"view-2","top":7743,"sh":14033,"ch":600}
{"n":325,"at":1786660746636,"t":14788,"kind":"commit","view":"view-2","x":724,"msgs":204,"first":"8h9pkdsenb4eqsyruu2z46ahsa","branch":"none","headPx":0,"margin":0,"before":7743,"top":7743,"sh":14033,"ch":600,"held":{"id":"shf3yszcpnh4dmip9pc3g5q6mi","delta":-162,"index":130},"drawn":7581,"now":{"id":"shf3yszcpnh4dmip9pc3g5q6mi","delta":-162,"index":130}}
{"n":326,"at":1786660746648,"t":14800,"kind":"scroll","view":"view-2","top":7716,"sh":14033,"ch":600}
{"n":327,"at":1786660746665,"t":14817,"kind":"scroll","view":"view-2","top":7689,"sh":14033,"ch":600}
{"n":328,"at":1786660746681,"t":14833,"kind":"scroll","view":"view-2","top":7652,"sh":14033,"ch":600}
{"n":329,"at":1786660746685,"t":14837,"kind":"commit","view":"view-2","x":724,"msgs":204,"first":"8h9pkdsenb4eqsyruu2z46ahsa","branch":"none","headPx":0,"margin":0,"before":7652,"top":7652,"sh":14033,"ch":600,"held":{"id":"shf3yszcpnh4dmip9pc3g5q6mi","delta":-71,"index":130},"drawn":7581,"now":{"id":"shf3yszcpnh4dmip9pc3g5q6mi","delta":-71,"index":130}}
{"n":330,"at":1786660746698,"t":14850,"kind":"scroll","view":"view-2","top":7612,"sh":14033,"ch":600}
{"n":331,"at":1786660746714,"t":14866,"kind":"scroll","view":"view-2","top":7572,"sh":14033,"ch":600}
{"n":332,"at":1786660746719,"t":14870,"kind":"commit","view":"view-2","x":724,"msgs":204,"first":"8h9pkdsenb4eqsyruu2z46ahsa","branch":"none","headPx":0,"margin":0,"before":7572,"top":7572,"sh":14033,"ch":600,"held":{"id":"5bvecvgb8287p9pj487u3xze82","delta":-92,"index":129},"drawn":7480,"now":{"id":"5bvecvgb8287p9pj487u3xze82","delta":-92,"index":129}}
{"n":333,"at":1786660746723,"t":14874,"kind":"commit","view":"view-2","x":724,"msgs":204,"first":"8h9pkdsenb4eqsyruu2z46ahsa","branch":"none","headPx":0,"margin":0,"before":7627,"top":7627,"sh":14088,"ch":600,"held":{"id":"5bvecvgb8287p9pj487u3xze82","delta":-92,"index":129},"drawn":7535,"now":{"id":"5bvecvgb8287p9pj487u3xze82","delta":-92,"index":129}}
{"n":334,"at":1786660746732,"t":14883,"kind":"scroll","view":"view-2","top":7626,"sh":14088,"ch":600}
{"n":335,"at":1786660746748,"t":14900,"kind":"scroll","view":"view-2","top":7624,"sh":14088,"ch":600}
{"n":336,"at":1786660746765,"t":14916,"kind":"scroll","view":"view-2","top":7623,"sh":14088,"ch":600}
{"n":337,"at":1786660746782,"t":14933,"kind":"scroll","view":"view-2","top":7621,"sh":14088,"ch":600}
{"n":338,"at":1786660746799,"t":14950,"kind":"scroll","view":"view-2","top":7619,"sh":14088,"ch":600}
{"n":339,"at":1786660746815,"t":14966,"kind":"scroll","view":"view-2","top":7617,"sh":14088,"ch":600}
{"n":340,"at":1786660746831,"t":14983,"kind":"scroll","view":"view-2","top":7614,"sh":14088,"ch":600}
{"n":341,"at":1786660746848,"t":15000,"kind":"scroll","view":"view-2","top":7612,"sh":14088,"ch":600}
{"n":342,"at":1786660746865,"t":15016,"kind":"scroll","view":"view-2","top":7610,"sh":14088,"ch":600}
{"n":343,"at":1786660746882,"t":15034,"kind":"scroll","view":"view-2","top":7608,"sh":14088,"ch":600}
{"n":344,"at":1786660746898,"t":15049,"kind":"scroll","view":"view-2","top":7606,"sh":14088,"ch":600}
{"n":345,"at":1786660746902,"t":15054,"kind":"commit","view":"view-2","x":724,"msgs":204,"first":"8h9pkdsenb4eqsyruu2z46ahsa","branch":"none","headPx":0,"margin":0,"before":7606,"top":7606,"sh":14088,"ch":600,"held":{"id":"5bvecvgb8287p9pj487u3xze82","delta":-71,"index":129},"drawn":7535,"now":{"id":"5bvecvgb8287p9pj487u3xze82","delta":-71,"index":129}}
{"n":346,"at":1786660746914,"t":15066,"kind":"scroll","view":"view-2","top":7601,"sh":14088,"ch":600}
{"n":347,"at":1786660746932,"t":15083,"kind":"scroll","view":"view-2","top":7597,"sh":14088,"ch":600}
{"n":348,"at":1786660746948,"t":15099,"kind":"scroll","view":"view-2","top":7593,"sh":14088,"ch":600}
{"n":349,"at":1786660746965,"t":15116,"kind":"scroll","view":"view-2","top":7589,"sh":14088,"ch":600}
{"n":350,"at":1786660746982,"t":15134,"kind":"scroll","view":"view-2","top":7585,"sh":14088,"ch":600}
{"n":351,"at":1786660746998,"t":15150,"kind":"scroll","view":"view-2","top":7582,"sh":14088,"ch":600}
{"n":352,"at":1786660747016,"t":15168,"kind":"scroll","view":"view-2","top":7386,"sh":14088,"ch":600}
{"n":353,"at":1786660747022,"t":15173,"kind":"commit","view":"view-2","x":724,"msgs":204,"first":"8h9pkdsenb4eqsyruu2z46ahsa","branch":"none","headPx":0,"margin":0,"before":7386,"top":7386,"sh":14088,"ch":600,"held":{"id":"kums9wi2ghn4jsxda3nubm9yqw","delta":-9,"index":127},"drawn":7377,"now":{"id":"kums9wi2ghn4jsxda3nubm9yqw","delta":-9,"index":127}}
{"n":354,"at":1786660747026,"t":15177,"kind":"commit","view":"view-2","x":724,"msgs":204,"first":"8h9pkdsenb4eqsyruu2z46ahsa","branch":"none","headPx":0,"margin":0,"before":7397,"top":7397,"sh":14099,"ch":600,"held":{"id":"kums9wi2ghn4jsxda3nubm9yqw","delta":-9,"index":127},"drawn":7388,"now":{"id":"kums9wi2ghn4jsxda3nubm9yqw","delta":-9,"index":127}}
{"n":355,"at":1786660747028,"t":15180,"kind":"commit","view":"view-2","x":724,"msgs":204,"first":"8h9pkdsenb4eqsyruu2z46ahsa","branch":"none","headPx":0,"margin":0,"before":7452,"top":7452,"sh":14154,"ch":600,"held":{"id":"kums9wi2ghn4jsxda3nubm9yqw","delta":-9,"index":127},"drawn":7443,"now":{"id":"kums9wi2ghn4jsxda3nubm9yqw","delta":-9,"index":127}}
{"n":356,"at":1786660747048,"t":15200,"kind":"scroll","view":"view-2","top":7452,"sh":14154,"ch":600}
{"n":357,"at":1786660747053,"t":15204,"kind":"scroll","view":"view-2","top":7426,"sh":14154,"ch":600}
{"n":358,"at":1786660747057,"t":15208,"kind":"commit","view":"view-2","x":724,"msgs":204,"first":"8h9pkdsenb4eqsyruu2z46ahsa","branch":"none","headPx":0,"margin":0,"before":7426,"top":7426,"sh":14154,"ch":600,"held":{"id":"kkrzwdm4hmbb77nf49ntypjgp6","delta":-84,"index":126},"drawn":7342,"now":{"id":"kkrzwdm4hmbb77nf49ntypjgp6","delta":-84,"index":126}}
{"n":359,"at":1786660747060,"t":15212,"kind":"commit","view":"view-2","x":724,"msgs":204,"first":"8h9pkdsenb4eqsyruu2z46ahsa","branch":"none","headPx":0,"margin":0,"before":7481,"top":7481,"sh":14209,"ch":600,"held":{"id":"kkrzwdm4hmbb77nf49ntypjgp6","delta":-84,"index":126},"drawn":7397,"now":{"id":"kkrzwdm4hmbb77nf49ntypjgp6","delta":-84,"index":126}}
{"n":360,"at":1786660747069,"t":15221,"kind":"scroll","view":"view-2","top":7476,"sh":14209,"ch":600}
{"n":361,"at":1786660747085,"t":15237,"kind":"scroll","view":"view-2","top":7464,"sh":14209,"ch":600}
{"n":362,"at":1786660747101,"t":15253,"kind":"scroll","view":"view-2","top":7449,"sh":14209,"ch":600}
{"n":363,"at":1786660747117,"t":15269,"kind":"scroll","view":"view-2","top":7430,"sh":14209,"ch":600}
{"n":364,"at":1786660747133,"t":15285,"kind":"scroll","view":"view-2","top":7408,"sh":14209,"ch":600}
{"n":365,"at":1786660747137,"t":15289,"kind":"commit","view":"view-2","x":724,"msgs":204,"first":"8h9pkdsenb4eqsyruu2z46ahsa","branch":"none","headPx":0,"margin":0,"before":7408,"top":7408,"sh":14209,"ch":600,"held":{"id":"kkrzwdm4hmbb77nf49ntypjgp6","delta":-11,"index":126},"drawn":7397,"now":{"id":"kkrzwdm4hmbb77nf49ntypjgp6","delta":-11,"index":126}}
{"n":366,"at":1786660747149,"t":15301,"kind":"scroll","view":"view-2","top":7380,"sh":14209,"ch":600}
{"n":367,"at":1786660747153,"t":15305,"kind":"commit","view":"view-2","x":724,"msgs":204,"first":"8h9pkdsenb4eqsyruu2z46ahsa","branch":"none","headPx":0,"margin":0,"before":7380,"top":7380,"sh":14209,"ch":600,"held":{"id":"rdsdegvd6dzq7uvm227dhsvwt6","delta":-84,"index":125},"drawn":7296,"now":{"id":"rdsdegvd6dzq7uvm227dhsvwt6","delta":-84,"index":125}}
{"n":368,"at":1786660747157,"t":15309,"kind":"commit","view":"view-2","x":724,"msgs":204,"first":"8h9pkdsenb4eqsyruu2z46ahsa","branch":"none","headPx":0,"margin":0,"before":7545,"top":7545,"sh":14374,"ch":600,"held":{"id":"rdsdegvd6dzq7uvm227dhsvwt6","delta":-84,"index":125},"drawn":7461,"now":{"id":"rdsdegvd6dzq7uvm227dhsvwt6","delta":-84,"index":125}}
{"n":369,"at":1786660747165,"t":15317,"kind":"scroll","view":"view-2","top":7540,"sh":14374,"ch":600}
{"n":370,"at":1786660747182,"t":15333,"kind":"scroll","view":"view-2","top":7522,"sh":14374,"ch":600}
{"n":371,"at":1786660747186,"t":15337,"kind":"commit","view":"view-2","x":724,"msgs":204,"first":"8h9pkdsenb4eqsyruu2z46ahsa","branch":"none","headPx":0,"margin":0,"before":7522,"top":7522,"sh":14374,"ch":600,"held":{"id":"rdsdegvd6dzq7uvm227dhsvwt6","delta":-61,"index":125},"drawn":7461,"now":{"id":"rdsdegvd6dzq7uvm227dhsvwt6","delta":-61,"index":125}}
{"n":372,"at":1786660747198,"t":15350,"kind":"scroll","view":"view-2","top":7505,"sh":14374,"ch":600}
{"n":373,"at":1786660747232,"t":15383,"kind":"scroll","view":"view-2","top":7454,"sh":14374,"ch":600}
{"n":374,"at":1786660747237,"t":15388,"kind":"commit","view":"view-2","x":724,"msgs":204,"first":"8h9pkdsenb4eqsyruu2z46ahsa","branch":"none","headPx":0,"margin":0,"before":7454,"top":7454,"sh":14374,"ch":600,"held":{"id":"ijtibfqq6bchafmiu4f98kgxts","delta":-94,"index":124},"drawn":7360,"now":{"id":"ijtibfqq6bchafmiu4f98kgxts","delta":-94,"index":124}}
{"n":375,"at":1786660747241,"t":15392,"kind":"commit","view":"view-2","x":724,"msgs":204,"first":"8h9pkdsenb4eqsyruu2z46ahsa","branch":"none","headPx":0,"margin":0,"before":7509,"top":7509,"sh":14429,"ch":600,"held":{"id":"ijtibfqq6bchafmiu4f98kgxts","delta":-94,"index":124},"drawn":7415,"now":{"id":"ijtibfqq6bchafmiu4f98kgxts","delta":-94,"index":124}}
{"n":376,"at":1786660747248,"t":15399,"kind":"scroll","view":"view-2","top":7509,"sh":14429,"ch":600}
{"n":377,"at":1786660747265,"t":15417,"kind":"scroll","view":"view-2","top":7486,"sh":14429,"ch":600}
{"n":378,"at":1786660747282,"t":15433,"kind":"scroll","view":"view-2","top":7460,"sh":14429,"ch":600}
{"n":379,"at":1786660747314,"t":15466,"kind":"scroll","view":"view-2","top":7422,"sh":14429,"ch":600}
{"n":380,"at":1786660747331,"t":15483,"kind":"scroll","view":"view-2","top":7377,"sh":14429,"ch":600}
{"n":381,"at":1786660747337,"t":15488,"kind":"commit","view":"view-2","x":724,"msgs":204,"first":"8h9pkdsenb4eqsyruu2z46ahsa","branch":"none","headPx":0,"margin":0,"before":7377,"top":7377,"sh":14429,"ch":600,"held":{"id":"g9nfpyqkbbashdwdv2hzz3gmvw","delta":-87,"index":122},"drawn":7290,"now":{"id":"g9nfpyqkbbashdwdv2hzz3gmvw","delta":-87,"index":122}}
{"n":382,"at":1786660747340,"t":15492,"kind":"commit","view":"view-2","x":724,"msgs":204,"first":"8h9pkdsenb4eqsyruu2z46ahsa","branch":"none","headPx":0,"margin":0,"before":7388,"top":7388,"sh":14440,"ch":600,"held":{"id":"g9nfpyqkbbashdwdv2hzz3gmvw","delta":-87,"index":122},"drawn":7301,"now":{"id":"g9nfpyqkbbashdwdv2hzz3gmvw","delta":-87,"index":122}}
{"n":383,"at":1786660747347,"t":15498,"kind":"scroll","view":"view-2","top":7388,"sh":14440,"ch":600}
{"n":384,"at":1786660747359,"t":15511,"kind":"scroll","view":"view-2","top":7366,"sh":14440,"ch":600}
{"n":385,"at":1786660747375,"t":15527,"kind":"scroll","view":"view-2","top":7340,"sh":14440,"ch":600}
{"n":386,"at":1786660747391,"t":15543,"kind":"scroll","view":"view-2","top":7327,"sh":14440,"ch":600}
{"n":387,"at":1786660747407,"t":15559,"kind":"scroll","view":"view-2","top":7309,"sh":14440,"ch":600}
{"n":388,"at":1786660747423,"t":15575,"kind":"scroll","view":"view-2","top":7287,"sh":14440,"ch":600}
{"n":389,"at":1786660747427,"t":15579,"kind":"commit","view":"view-2","x":724,"msgs":204,"first":"8h9pkdsenb4eqsyruu2z46ahsa","branch":"none","headPx":0,"margin":0,"before":7287,"top":7287,"sh":14440,"ch":600,"held":{"id":"5er48qk4jzaswpziq38nbfyda2","delta":-87,"index":121},"drawn":7200,"now":{"id":"5er48qk4jzaswpziq38nbfyda2","delta":-87,"index":121}}
{"n":390,"at":1786660747430,"t":15582,"kind":"commit","view":"view-2","x":724,"msgs":204,"first":"8h9pkdsenb4eqsyruu2z46ahsa","branch":"none","headPx":0,"margin":0,"before":7342,"top":7342,"sh":14495,"ch":600,"held":{"id":"5er48qk4jzaswpziq38nbfyda2","delta":-87,"index":121},"drawn":7255,"now":{"id":"5er48qk4jzaswpziq38nbfyda2","delta":-87,"index":121}}
{"n":391,"at":1786660747448,"t":15600,"kind":"scroll","view":"view-2","top":7338,"sh":14495,"ch":600}
{"n":392,"at":1786660747465,"t":15617,"kind":"scroll","view":"view-2","top":7313,"sh":14495,"ch":600}
{"n":393,"at":1786660747483,"t":15634,"kind":"scroll","view":"view-2","top":7284,"sh":14495,"ch":600}
{"n":394,"at":1786660747498,"t":15649,"kind":"scroll","view":"view-2","top":7247,"sh":14495,"ch":600}
{"n":395,"at":1786660747503,"t":15654,"kind":"commit","view":"view-2","x":724,"msgs":204,"first":"8h9pkdsenb4eqsyruu2z46ahsa","branch":"none","headPx":0,"margin":0,"before":7247,"top":7247,"sh":14495,"ch":600,"held":{"id":"hf4iz9stk6w2z3t2t9p5jj5yq2","delta":-93,"index":120},"drawn":7154,"now":{"id":"hf4iz9stk6w2z3t2t9p5jj5yq2","delta":-93,"index":120}}
{"n":396,"at":1786660747507,"t":15659,"kind":"commit","view":"view-2","x":724,"msgs":204,"first":"8h9pkdsenb4eqsyruu2z46ahsa","branch":"none","headPx":0,"margin":0,"before":7302,"top":7302,"sh":14550,"ch":600,"held":{"id":"hf4iz9stk6w2z3t2t9p5jj5yq2","delta":-93,"index":120},"drawn":7209,"now":{"id":"hf4iz9stk6w2z3t2t9p5jj5yq2","delta":-93,"index":120}}
{"n":397,"at":1786660747514,"t":15666,"kind":"scroll","view":"view-2","top":7302,"sh":14550,"ch":600}
{"n":398,"at":1786660747519,"t":15671,"kind":"scroll","view":"view-2","top":7293,"sh":14550,"ch":600}
{"n":399,"at":1786660747523,"t":15674,"kind":"commit","view":"view-2","x":724,"msgs":204,"first":"8h9pkdsenb4eqsyruu2z46ahsa","branch":"none","headPx":0,"margin":0,"before":7293,"top":7293,"sh":14550,"ch":600,"held":{"id":"hf4iz9stk6w2z3t2t9p5jj5yq2","delta":-84,"index":120},"drawn":7209,"now":{"id":"hf4iz9stk6w2z3t2t9p5jj5yq2","delta":-84,"index":120}}
{"n":400,"at":1786660747535,"t":15687,"kind":"scroll","view":"view-2","top":7276,"sh":14550,"ch":600}
{"n":401,"at":1786660747552,"t":15703,"kind":"scroll","view":"view-2","top":7262,"sh":14550,"ch":600}
{"n":402,"at":1786660747567,"t":15719,"kind":"scroll","view":"view-2","top":7244,"sh":14550,"ch":600}
{"n":403,"at":1786660747584,"t":15735,"kind":"scroll","view":"view-2","top":7221,"sh":14550,"ch":600}
{"n":404,"at":1786660747588,"t":15739,"kind":"commit","view":"view-2","x":724,"msgs":204,"first":"8h9pkdsenb4eqsyruu2z46ahsa","branch":"none","headPx":0,"margin":0,"before":7221,"top":7221,"sh":14550,"ch":600,"held":{"id":"hf4iz9stk6w2z3t2t9p5jj5yq2","delta":-12,"index":120},"drawn":7209,"now":{"id":"hf4iz9stk6w2z3t2t9p5jj5yq2","delta":-12,"index":120}}
{"n":405,"at":1786660747600,"t":15752,"kind":"scroll","view":"view-2","top":7187,"sh":14550,"ch":600}
{"n":406,"at":1786660747604,"t":15756,"kind":"commit","view":"view-2","x":724,"msgs":204,"first":"8h9pkdsenb4eqsyruu2z46ahsa","branch":"none","headPx":0,"margin":0,"before":7187,"top":7187,"sh":14550,"ch":600,"held":{"id":"3jp4xxenh57sw2kxuh9i4ecaxs","delta":-79,"index":119},"drawn":7108,"now":{"id":"3jp4xxenh57sw2kxuh9i4ecaxs","delta":-79,"index":119}}
{"n":407,"at":1786660747608,"t":15759,"kind":"commit","view":"view-2","x":724,"msgs":204,"first":"8h9pkdsenb4eqsyruu2z46ahsa","branch":"none","headPx":0,"margin":0,"before":7242,"top":7242,"sh":14605,"ch":600,"held":{"id":"3jp4xxenh57sw2kxuh9i4ecaxs","delta":-79,"index":119},"drawn":7163,"now":{"id":"3jp4xxenh57sw2kxuh9i4ecaxs","delta":-79,"index":119}}
{"n":408,"at":1786660747616,"t":15768,"kind":"scroll","view":"view-2","top":7238,"sh":14605,"ch":600}
{"n":409,"at":1786660747632,"t":15783,"kind":"scroll","view":"view-2","top":7219,"sh":14605,"ch":600}
{"n":410,"at":1786660747649,"t":15800,"kind":"scroll","view":"view-2","top":7197,"sh":14605,"ch":600}
{"n":411,"at":1786660747665,"t":15817,"kind":"scroll","view":"view-2","top":7173,"sh":14605,"ch":600}
{"n":412,"at":1786660747669,"t":15821,"kind":"commit","view":"view-2","x":724,"msgs":204,"first":"8h9pkdsenb4eqsyruu2z46ahsa","branch":"none","headPx":0,"margin":0,"before":7173,"top":7173,"sh":14605,"ch":600,"held":{"id":"3jp4xxenh57sw2kxuh9i4ecaxs","delta":-10,"index":119},"drawn":7163,"now":{"id":"3jp4xxenh57sw2kxuh9i4ecaxs","delta":-10,"index":119}}
{"n":413,"at":1786660747682,"t":15834,"kind":"scroll","view":"view-2","top":7149,"sh":14605,"ch":600}
{"n":414,"at":1786660747686,"t":15838,"kind":"commit","view":"view-2","x":724,"msgs":204,"first":"8h9pkdsenb4eqsyruu2z46ahsa","branch":"none","headPx":0,"margin":0,"before":7149,"top":7149,"sh":14605,"ch":600,"held":{"id":"hrkrkmww7xfujqhy5anwx3ut9n","delta":-87,"index":118},"drawn":7062,"now":{"id":"hrkrkmww7xfujqhy5anwx3ut9n","delta":-87,"index":118}}
{"n":415,"at":1786660747690,"t":15842,"kind":"commit","view":"view-2","x":724,"msgs":204,"first":"8h9pkdsenb4eqsyruu2z46ahsa","branch":"none","headPx":0,"margin":0,"before":7160,"top":7160,"sh":14616,"ch":600,"held":{"id":"hrkrkmww7xfujqhy5anwx3ut9n","delta":-87,"index":118},"drawn":7073,"now":{"id":"hrkrkmww7xfujqhy5anwx3ut9n","delta":-87,"index":118}}
{"n":416,"at":1786660747697,"t":15849,"kind":"scroll","view":"view-2","top":7160,"sh":14616,"ch":600}
{"n":417,"at":1786660747713,"t":15864,"kind":"scroll","view":"view-2","top":7137,"sh":14616,"ch":600}
{"n":418,"at":1786660747729,"t":15881,"kind":"scroll","view":"view-2","top":7114,"sh":14616,"ch":600}
{"n":419,"at":1786660747745,"t":15897,"kind":"scroll","view":"view-2","top":7093,"sh":14616,"ch":600}
{"n":420,"at":1786660747749,"t":15901,"kind":"commit","view":"view-2","x":724,"msgs":204,"first":"8h9pkdsenb4eqsyruu2z46ahsa","branch":"none","headPx":0,"margin":0,"before":7093,"top":7093,"sh":14616,"ch":600,"held":{"id":"hrkrkmww7xfujqhy5anwx3ut9n","delta":-20,"index":118},"drawn":7073,"now":{"id":"hrkrkmww7xfujqhy5anwx3ut9n","delta":-20,"index":118}}
{"n":421,"at":1786660747764,"t":15916,"kind":"scroll","view":"view-2","top":7077,"sh":14616,"ch":600}
{"n":422,"at":1786660747781,"t":15933,"kind":"scroll","view":"view-2","top":7032,"sh":14616,"ch":600}
{"n":423,"at":1786660747786,"t":15938,"kind":"commit","view":"view-2","x":724,"msgs":204,"first":"8h9pkdsenb4eqsyruu2z46ahsa","branch":"none","headPx":0,"margin":0,"before":7032,"top":7032,"sh":14616,"ch":600,"held":{"id":"5v3yg55fya47ngpetmgtkcdjw6","delta":-60,"index":117},"drawn":6972,"now":{"id":"5v3yg55fya47ngpetmgtkcdjw6","delta":-60,"index":117}}
{"n":424,"at":1786660747790,"t":15942,"kind":"commit","view":"view-2","x":724,"msgs":204,"first":"8h9pkdsenb4eqsyruu2z46ahsa","branch":"none","headPx":0,"margin":0,"before":7087,"top":7087,"sh":14671,"ch":600,"held":{"id":"5v3yg55fya47ngpetmgtkcdjw6","delta":-60,"index":117},"drawn":7027,"now":{"id":"5v3yg55fya47ngpetmgtkcdjw6","delta":-60,"index":117}}
{"n":425,"at":1786660747797,"t":15949,"kind":"scroll","view":"view-2","top":7087,"sh":14671,"ch":600}
{"n":426,"at":1786660747809,"t":15961,"kind":"scroll","view":"view-2","top":7065,"sh":14671,"ch":600}
{"n":427,"at":1786660747826,"t":15977,"kind":"scroll","view":"view-2","top":7042,"sh":14671,"ch":600}
{"n":428,"at":1786660747830,"t":15982,"kind":"commit","view":"view-2","x":724,"msgs":204,"first":"8h9pkdsenb4eqsyruu2z46ahsa","branch":"none","headPx":0,"margin":0,"before":7042,"top":7042,"sh":14671,"ch":600,"held":{"id":"5v3yg55fya47ngpetmgtkcdjw6","delta":-15,"index":117},"drawn":7027,"now":{"id":"5v3yg55fya47ngpetmgtkcdjw6","delta":-15,"index":117}}
{"n":429,"at":1786660747848,"t":15999,"kind":"scroll","view":"view-2","top":7041,"sh":14671,"ch":600}
{"n":430,"at":1786660747865,"t":16016,"kind":"scroll","view":"view-2","top":7003,"sh":14671,"ch":600}
{"n":431,"at":1786660747869,"t":16021,"kind":"commit","view":"view-2","x":724,"msgs":204,"first":"8h9pkdsenb4eqsyruu2z46ahsa","branch":"none","headPx":0,"margin":0,"before":7003,"top":7003,"sh":14671,"ch":600,"held":{"id":"urma5zkpzcdj8n95ewa8e334iw","delta":-33,"index":116},"drawn":6970,"now":{"id":"urma5zkpzcdj8n95ewa8e334iw","delta":-33,"index":116}}
{"n":432,"at":1786660747872,"t":16024,"kind":"commit","view":"view-2","x":724,"msgs":204,"first":"8h9pkdsenb4eqsyruu2z46ahsa","branch":"none","headPx":0,"margin":0,"before":7058,"top":7058,"sh":14726,"ch":600,"held":{"id":"urma5zkpzcdj8n95ewa8e334iw","delta":-33,"index":116},"drawn":7025,"now":{"id":"urma5zkpzcdj8n95ewa8e334iw","delta":-33,"index":116}}
{"n":433,"at":1786660747881,"t":16033,"kind":"scroll","view":"view-2","top":7058,"sh":14726,"ch":600}
{"n":434,"at":1786660747890,"t":16041,"kind":"scroll","view":"view-2","top":7039,"sh":14726,"ch":600}
{"n":435,"at":1786660747906,"t":16058,"kind":"scroll","view":"view-2","top":7016,"sh":14726,"ch":600}
{"n":436,"at":1786660747910,"t":16061,"kind":"commit","view":"view-2","x":724,"msgs":204,"first":"8h9pkdsenb4eqsyruu2z46ahsa","branch":"none","headPx":0,"margin":0,"before":7016,"top":7016,"sh":14726,"ch":600,"held":{"id":"pveuafxhiwtqstretgsufcy6v6","delta":-92,"index":115},"drawn":6924,"now":{"id":"pveuafxhiwtqstretgsufcy6v6","delta":-92,"index":115}}
{"n":437,"at":1786660747912,"t":16064,"kind":"commit","view":"view-2","x":724,"msgs":204,"first":"8h9pkdsenb4eqsyruu2z46ahsa","branch":"none","headPx":0,"margin":0,"before":7071,"top":7071,"sh":14781,"ch":600,"held":{"id":"pveuafxhiwtqstretgsufcy6v6","delta":-92,"index":115},"drawn":6979,"now":{"id":"pveuafxhiwtqstretgsufcy6v6","delta":-92,"index":115}}
{"n":438,"at":1786660747932,"t":16084,"kind":"scroll","view":"view-2","top":7066,"sh":14781,"ch":600}
{"n":439,"at":1786660747948,"t":16099,"kind":"scroll","view":"view-2","top":7040,"sh":14781,"ch":600}
{"n":440,"at":1786660747951,"t":16103,"kind":"commit","view":"view-2","x":724,"msgs":204,"first":"8h9pkdsenb4eqsyruu2z46ahsa","branch":"none","headPx":0,"margin":0,"before":7040,"top":7040,"sh":14781,"ch":600,"held":{"id":"pveuafxhiwtqstretgsufcy6v6","delta":-61,"index":115},"drawn":6979,"now":{"id":"pveuafxhiwtqstretgsufcy6v6","delta":-61,"index":115}}
{"n":441,"at":1786660747965,"t":16117,"kind":"scroll","view":"view-2","top":7012,"sh":14781,"ch":600}
{"n":442,"at":1786660747981,"t":16133,"kind":"scroll","view":"view-2","top":6976,"sh":14781,"ch":600}
{"n":443,"at":1786660747985,"t":16137,"kind":"commit","view":"view-2","x":724,"msgs":204,"first":"8h9pkdsenb4eqsyruu2z46ahsa","branch":"none","headPx":0,"margin":0,"before":6976,"top":6976,"sh":14781,"ch":600,"held":{"id":"cchpbb6gaqfv6t45vp2xgud9a6","delta":-208,"index":114},"drawn":6768,"now":{"id":"cchpbb6gaqfv6t45vp2xgud9a6","delta":-208,"index":114}}
{"n":444,"at":1786660747989,"t":16140,"kind":"commit","view":"view-2","x":724,"msgs":204,"first":"8h9pkdsenb4eqsyruu2z46ahsa","branch":"none","headPx":0,"margin":0,"before":7031,"top":7031,"sh":14836,"ch":600,"held":{"id":"cchpbb6gaqfv6t45vp2xgud9a6","delta":-208,"index":114},"drawn":6823,"now":{"id":"cchpbb6gaqfv6t45vp2xgud9a6","delta":-208,"index":114}}
{"n":445,"at":1786660747997,"t":16149,"kind":"scroll","view":"view-2","top":7031,"sh":14836,"ch":600}
{"n":446,"at":1786660748002,"t":16154,"kind":"scroll","view":"view-2","top":7019,"sh":14836,"ch":600}
{"n":447,"at":1786660748018,"t":16170,"kind":"scroll","view":"view-2","top":6995,"sh":14836,"ch":600}
{"n":448,"at":1786660748021,"t":16173,"kind":"commit","view":"view-2","x":724,"msgs":204,"first":"8h9pkdsenb4eqsyruu2z46ahsa","branch":"none","headPx":0,"margin":0,"before":6995,"top":6995,"sh":14836,"ch":600,"held":{"id":"cchpbb6gaqfv6t45vp2xgud9a6","delta":-172,"index":114},"drawn":6823,"now":{"id":"cchpbb6gaqfv6t45vp2xgud9a6","delta":-172,"index":114}}
{"n":449,"at":1786660748034,"t":16186,"kind":"scroll","view":"view-2","top":6981,"sh":14836,"ch":600}
{"n":450,"at":1786660748050,"t":16202,"kind":"scroll","view":"view-2","top":6963,"sh":14836,"ch":600}
{"n":451,"at":1786660748067,"t":16218,"kind":"scroll","view":"view-2","top":6941,"sh":14836,"ch":600}
{"n":452,"at":1786660748083,"t":16234,"kind":"scroll","view":"view-2","top":6899,"sh":14836,"ch":600}
{"n":453,"at":1786660748099,"t":16250,"kind":"scroll","view":"view-2","top":6853,"sh":14836,"ch":600}
{"n":454,"at":1786660748103,"t":16254,"kind":"commit","view":"view-2","x":724,"msgs":204,"first":"8h9pkdsenb4eqsyruu2z46ahsa","branch":"none","headPx":0,"margin":0,"before":6853,"top":6853,"sh":14836,"ch":600,"held":{"id":"cchpbb6gaqfv6t45vp2xgud9a6","delta":-30,"index":114},"drawn":6823,"now":{"id":"cchpbb6gaqfv6t45vp2xgud9a6","delta":-30,"index":114}}
{"n":455,"at":1786660748115,"t":16267,"kind":"scroll","view":"view-2","top":6816,"sh":14836,"ch":600}
{"n":456,"at":1786660748119,"t":16270,"kind":"commit","view":"view-2","x":724,"msgs":204,"first":"8h9pkdsenb4eqsyruu2z46ahsa","branch":"none","headPx":0,"margin":0,"before":6816,"top":6816,"sh":14836,"ch":600,"held":{"id":"rfticf3vu3wfz7yb58mrd595ra","delta":-94,"index":113},"drawn":6722,"now":{"id":"rfticf3vu3wfz7yb58mrd595ra","delta":-94,"index":113}}
{"n":457,"at":1786660748122,"t":16274,"kind":"commit","view":"view-2","x":724,"msgs":204,"first":"8h9pkdsenb4eqsyruu2z46ahsa","branch":"none","headPx":0,"margin":0,"before":6871,"top":6871,"sh":14891,"ch":600,"held":{"id":"rfticf3vu3wfz7yb58mrd595ra","delta":-94,"index":113},"drawn":6777,"now":{"id":"rfticf3vu3wfz7yb58mrd595ra","delta":-94,"index":113}}
{"n":458,"at":1786660748131,"t":16282,"kind":"scroll","view":"view-2","top":6866,"sh":14891,"ch":600}
{"n":459,"at":1786660748148,"t":16300,"kind":"scroll","view":"view-2","top":6849,"sh":14891,"ch":600}
{"n":460,"at":1786660748152,"t":16303,"kind":"commit","view":"view-2","x":724,"msgs":204,"first":"8h9pkdsenb4eqsyruu2z46ahsa","branch":"none","headPx":0,"margin":0,"before":6849,"top":6849,"sh":14891,"ch":600,"held":{"id":"rfticf3vu3wfz7yb58mrd595ra","delta":-72,"index":113},"drawn":6777,"now":{"id":"rfticf3vu3wfz7yb58mrd595ra","delta":-72,"index":113}}
{"n":461,"at":1786660748165,"t":16317,"kind":"scroll","view":"view-2","top":6833,"sh":14891,"ch":600}
{"n":462,"at":1786660748181,"t":16333,"kind":"scroll","view":"view-2","top":6794,"sh":14891,"ch":600}
{"n":463,"at":1786660748198,"t":16349,"kind":"scroll","view":"view-2","top":6749,"sh":14891,"ch":600}
{"n":464,"at":1786660748201,"t":16353,"kind":"commit","view":"view-2","x":724,"msgs":204,"first":"8h9pkdsenb4eqsyruu2z46ahsa","branch":"none","headPx":0,"margin":0,"before":6749,"top":6749,"sh":14891,"ch":600,"held":{"id":"pysmzxnhismff3q5c3vp5nxmme","delta":-29,"index":112},"drawn":6720,"now":{"id":"pysmzxnhismff3q5c3vp5nxmme","delta":-29,"index":112}}
{"n":465,"at":1786660748205,"t":16356,"kind":"commit","view":"view-2","x":724,"msgs":204,"first":"8h9pkdsenb4eqsyruu2z46ahsa","branch":"none","headPx":0,"margin":0,"before":6804,"top":6804,"sh":14946,"ch":600,"held":{"id":"pysmzxnhismff3q5c3vp5nxmme","delta":-29,"index":112},"drawn":6775,"now":{"id":"pysmzxnhismff3q5c3vp5nxmme","delta":-29,"index":112}}
{"n":466,"at":1786660748213,"t":16365,"kind":"scroll","view":"view-2","top":6804,"sh":14946,"ch":600}
{"n":467,"at":1786660748228,"t":16380,"kind":"scroll","view":"view-2","top":6782,"sh":14946,"ch":600}
{"n":468,"at":1786660748231,"t":16383,"kind":"commit","view":"view-2","x":724,"msgs":204,"first":"8h9pkdsenb4eqsyruu2z46ahsa","branch":"none","headPx":0,"margin":0,"before":6782,"top":6782,"sh":14946,"ch":600,"held":{"id":"pysmzxnhismff3q5c3vp5nxmme","delta":-7,"index":112},"drawn":6775,"now":{"id":"pysmzxnhismff3q5c3vp5nxmme","delta":-7,"index":112}}
{"n":469,"at":1786660748244,"t":16395,"kind":"scroll","view":"view-2","top":6767,"sh":14946,"ch":600}
{"n":470,"at":1786660748247,"t":16399,"kind":"commit","view":"view-2","x":724,"msgs":204,"first":"8h9pkdsenb4eqsyruu2z46ahsa","branch":"none","headPx":0,"margin":0,"before":6767,"top":6767,"sh":14946,"ch":600,"held":{"id":"wusa68tak4hsrn24hhif9cjw7n","delta":-93,"index":111},"drawn":6674,"now":{"id":"wusa68tak4hsrn24hhif9cjw7n","delta":-93,"index":111}}
{"n":471,"at":1786660748250,"t":16402,"kind":"commit","view":"view-2","x":724,"msgs":204,"first":"8h9pkdsenb4eqsyruu2z46ahsa","branch":"none","headPx":0,"margin":0,"before":6794,"top":6794,"sh":14973,"ch":600,"held":{"id":"wusa68tak4hsrn24hhif9cjw7n","delta":-93,"index":111},"drawn":6701,"now":{"id":"wusa68tak4hsrn24hhif9cjw7n","delta":-93,"index":111}}
{"n":472,"at":1786660748264,"t":16416,"kind":"scroll","view":"view-2","top":6789,"sh":14973,"ch":600}
{"n":473,"at":1786660748282,"t":16433,"kind":"scroll","view":"view-2","top":6764,"sh":14973,"ch":600}
{"n":474,"at":1786660748298,"t":16450,"kind":"scroll","view":"view-2","top":6736,"sh":14973,"ch":600}
{"n":475,"at":1786660748315,"t":16467,"kind":"scroll","view":"view-2","top":6700,"sh":14973,"ch":600}
{"n":476,"at":1786660748319,"t":16471,"kind":"commit","view":"view-2","x":724,"msgs":204,"first":"8h9pkdsenb4eqsyruu2z46ahsa","branch":"none","headPx":0,"margin":0,"before":6700,"top":6700,"sh":14973,"ch":600,"held":{"id":"u5xkdumzqkw6y5cmhbcwwun8hn","delta":-100,"index":110},"drawn":6600,"now":{"id":"u5xkdumzqkw6y5cmhbcwwun8hn","delta":-100,"index":110}}
{"n":477,"at":1786660748323,"t":16474,"kind":"commit","view":"view-2","x":724,"msgs":204,"first":"8h9pkdsenb4eqsyruu2z46ahsa","branch":"none","headPx":0,"margin":0,"before":6755,"top":6755,"sh":15028,"ch":600,"held":{"id":"u5xkdumzqkw6y5cmhbcwwun8hn","delta":-100,"index":110},"drawn":6655,"now":{"id":"u5xkdumzqkw6y5cmhbcwwun8hn","delta":-100,"index":110}}
{"n":478,"at":1786660748331,"t":16482,"kind":"scroll","view":"view-2","top":6755,"sh":15028,"ch":600}
{"n":479,"at":1786660748340,"t":16492,"kind":"scroll","view":"view-2","top":6736,"sh":15028,"ch":600}
{"n":480,"at":1786660748356,"t":16508,"kind":"scroll","view":"view-2","top":6712,"sh":15028,"ch":600}
{"n":481,"at":1786660748359,"t":16511,"kind":"commit","view":"view-2","x":724,"msgs":204,"first":"8h9pkdsenb4eqsyruu2z46ahsa","branch":"none","headPx":0,"margin":0,"before":6712,"top":6712,"sh":15028,"ch":600,"held":{"id":"u5xkdumzqkw6y5cmhbcwwun8hn","delta":-57,"index":110},"drawn":6655,"now":{"id":"u5xkdumzqkw6y5cmhbcwwun8hn","delta":-57,"index":110}}
{"n":482,"at":1786660748372,"t":16524,"kind":"scroll","view":"view-2","top":6699,"sh":15028,"ch":600}
{"n":483,"at":1786660748389,"t":16540,"kind":"scroll","view":"view-2","top":6681,"sh":15028,"ch":600}
{"n":484,"at":1786660748404,"t":16556,"kind":"scroll","view":"view-2","top":6660,"sh":15028,"ch":600}
{"n":485,"at":1786660748420,"t":16572,"kind":"scroll","view":"view-2","top":6634,"sh":15028,"ch":600}
{"n":486,"at":1786660748423,"t":16575,"kind":"commit","view":"view-2","x":724,"msgs":204,"first":"8h9pkdsenb4eqsyruu2z46ahsa","branch":"none","headPx":0,"margin":0,"before":6634,"top":6634,"sh":15028,"ch":600,"held":{"id":"jw6qj4irngk5db2h9kfhjxeuwe","delta":-80,"index":109},"drawn":6554,"now":{"id":"jw6qj4irngk5db2h9kfhjxeuwe","delta":-80,"index":109}}
{"n":487,"at":1786660748426,"t":16578,"kind":"commit","view":"view-2","x":724,"msgs":204,"first":"8h9pkdsenb4eqsyruu2z46ahsa","branch":"none","headPx":0,"margin":0,"before":6689,"top":6689,"sh":15083,"ch":600,"held":{"id":"jw6qj4irngk5db2h9kfhjxeuwe","delta":-80,"index":109},"drawn":6609,"now":{"id":"jw6qj4irngk5db2h9kfhjxeuwe","delta":-80,"index":109}}
{"n":488,"at":1786660748436,"t":16588,"kind":"scroll","view":"view-2","top":6682,"sh":15083,"ch":600}
{"n":489,"at":1786660748453,"t":16604,"kind":"scroll","view":"view-2","top":6670,"sh":15083,"ch":600}
{"n":490,"at":1786660748455,"t":16607,"kind":"commit","view":"view-2","x":724,"msgs":204,"first":"8h9pkdsenb4eqsyruu2z46ahsa","branch":"none","headPx":0,"margin":0,"before":6670,"top":6670,"sh":15083,"ch":600,"held":{"id":"jw6qj4irngk5db2h9kfhjxeuwe","delta":-61,"index":109},"drawn":6609,"now":{"id":"jw6qj4irngk5db2h9kfhjxeuwe","delta":-61,"index":109}}
{"n":491,"at":1786660748469,"t":16620,"kind":"scroll","view":"view-2","top":6655,"sh":15083,"ch":600}
{"n":492,"at":1786660748485,"t":16636,"kind":"scroll","view":"view-2","top":6637,"sh":15083,"ch":600}
{"n":493,"at":1786660748501,"t":16653,"kind":"scroll","view":"view-2","top":6613,"sh":15083,"ch":600}
{"n":494,"at":1786660748517,"t":16668,"kind":"scroll","view":"view-2","top":6566,"sh":15083,"ch":600}
{"n":495,"at":1786660748521,"t":16672,"kind":"commit","view":"view-2","x":724,"msgs":204,"first":"8h9pkdsenb4eqsyruu2z46ahsa","branch":"none","headPx":0,"margin":0,"before":6566,"top":6566,"sh":15083,"ch":600,"held":{"id":"zihgnm4dsa2rz66sda5gir5bin","delta":-14,"index":108},"drawn":6552,"now":{"id":"zihgnm4dsa2rz66sda5gir5bin","delta":-14,"index":108}}
{"n":496,"at":1786660748523,"t":16675,"kind":"commit","view":"view-2","x":724,"msgs":204,"first":"8h9pkdsenb4eqsyruu2z46ahsa","branch":"none","headPx":0,"margin":0,"before":6621,"top":6621,"sh":15138,"ch":600,"held":{"id":"zihgnm4dsa2rz66sda5gir5bin","delta":-14,"index":108},"drawn":6607,"now":{"id":"zihgnm4dsa2rz66sda5gir5bin","delta":-14,"index":108}}
{"n":497,"at":1786660748532,"t":16684,"kind":"scroll","view":"view-2","top":6621,"sh":15138,"ch":600}
{"n":498,"at":1786660748686,"t":16837,"kind":"commit","view":"view-2","x":724,"msgs":204,"first":"8h9pkdsenb4eqsyruu2z46ahsa","branch":"none","headPx":0,"margin":0,"before":6621,"top":6621,"sh":15138,"ch":600,"held":{"id":"zihgnm4dsa2rz66sda5gir5bin","delta":-14,"index":108},"drawn":6607,"now":{"id":"zihgnm4dsa2rz66sda5gir5bin","delta":-14,"index":108}}
{"n":1650,"at":1786660763971,"t":32122,"kind":"commit","view":"view-2","x":724,"msgs":204,"first":"8h9pkdsenb4eqsyruu2z46ahsa","branch":"head","headPx":24,"margin":0,"before":6621,"top":6645,"sh":15162,"ch":600,"held":{"id":"zihgnm4dsa2rz66sda5gir5bin","delta":-14,"index":108},"drawn":6631,"now":{"id":"zihgnm4dsa2rz66sda5gir5bin","delta":-14,"index":108}}
{"n":1652,"at":1786660763975,"t":32126,"kind":"commit","view":"view-2","x":724,"msgs":204,"first":"8h9pkdsenb4eqsyruu2z46ahsa","branch":"none","headPx":24,"margin":24,"before":6632,"top":6632,"sh":15162,"ch":600,"held":{"id":"zihgnm4dsa2rz66sda5gir5bin","delta":-14,"index":108},"drawn":6642,"now":{"id":"uudaunk6443du2t2fwtrncwijn","delta":-91,"index":107}}
{"n":1653,"at":1786660763977,"t":32128,"kind":"commit","view":"view-2","x":724,"msgs":204,"first":"8h9pkdsenb4eqsyruu2z46ahsa","branch":"none","headPx":24,"margin":24,"before":6632,"top":6632,"sh":15173,"ch":600,"held":{"id":"uudaunk6443du2t2fwtrncwijn","delta":-91,"index":107},"drawn":6541,"now":{"id":"uudaunk6443du2t2fwtrncwijn","delta":-91,"index":107}}
{"n":1656,"at":1786660763988,"t":32140,"kind":"commit","view":"view-2","x":724,"msgs":204,"first":"8h9pkdsenb4eqsyruu2z46ahsa","branch":"none","headPx":24,"margin":24,"before":6632,"top":6632,"sh":15173,"ch":600,"held":{"id":"uudaunk6443du2t2fwtrncwijn","delta":-91,"index":107},"drawn":6541,"now":{"id":"uudaunk6443du2t2fwtrncwijn","delta":-91,"index":107}}
{"n":1658,"at":1786660764000,"t":32152,"kind":"commit","view":"view-2","x":724,"msgs":208,"first":"ps4umd6jchn3ff9i4z3rhw5v92","branch":"moved","headPx":0,"margin":24,"before":6687,"top":6847,"sh":15333,"ch":600,"held":{"id":"uudaunk6443du2t2fwtrncwijn","delta":-91,"index":107},"drawn":6756,"now":{"id":"uudaunk6443du2t2fwtrncwijn","delta":-91,"index":111}}
{"n":1660,"at":1786660764005,"t":32157,"kind":"commit","view":"view-2","x":724,"msgs":208,"first":"ps4umd6jchn3ff9i4z3rhw5v92","branch":"second","headPx":0,"margin":0,"before":6847,"top":6847,"sh":15388,"ch":600,"held":{"id":"uudaunk6443du2t2fwtrncwijn","delta":-91,"index":111},"drawn":6756,"now":{"id":"uudaunk6443du2t2fwtrncwijn","delta":-91,"index":111}}
{"n":1663,"at":1786660764009,"t":32161,"kind":"scroll","view":"view-2","top":6847,"sh":15388,"ch":600}
{"n":1664,"at":1786660764012,"t":32164,"kind":"commit","view":"view-2","x":724,"msgs":208,"first":"ps4umd6jchn3ff9i4z3rhw5v92","branch":"none","headPx":0,"margin":0,"before":6847,"top":6847,"sh":15388,"ch":600,"held":{"id":"uudaunk6443du2t2fwtrncwijn","delta":-91,"index":111},"drawn":6756,"now":{"id":"uudaunk6443du2t2fwtrncwijn","delta":-91,"index":111}}
{"n":1670,"at":1786660764066,"t":32218,"kind":"commit","view":"view-2","x":724,"msgs":408,"first":"nmyzp6jnvs4t6pg9kmai2puu8a","branch":"moved","headPx":0,"margin":0,"before":6847,"top":15863,"sh":24404,"ch":600,"held":{"id":"uudaunk6443du2t2fwtrncwijn","delta":-91,"index":111},"drawn":15772,"now":{"id":"uudaunk6443du2t2fwtrncwijn","delta":-91,"index":311}}
{"n":1673,"at":1786660764082,"t":32234,"kind":"scroll","view":"view-2","top":15863,"sh":24404,"ch":600}
{"n":1674,"at":1786660764096,"t":32247,"kind":"commit","view":"view-2","x":724,"msgs":408,"first":"nmyzp6jnvs4t6pg9kmai2puu8a","branch":"second","headPx":0,"margin":0,"before":15863,"top":15863,"sh":24404,"ch":600,"held":{"id":"uudaunk6443du2t2fwtrncwijn","delta":-91,"index":311},"drawn":15772,"now":{"id":"uudaunk6443du2t2fwtrncwijn","delta":-91,"index":311}}
{"n":1690,"at":1786660764235,"t":32387,"kind":"commit","view":"view-2","x":724,"msgs":408,"first":"nmyzp6jnvs4t6pg9kmai2puu8a","branch":"none","headPx":0,"margin":0,"before":15863,"top":15863,"sh":24404,"ch":600,"held":{"id":"uudaunk6443du2t2fwtrncwijn","delta":-91,"index":311},"drawn":15772,"now":{"id":"uudaunk6443du2t2fwtrncwijn","delta":-91,"index":311}}
{"n":3409,"at":1786660786938,"t":55090,"kind":"commit","view":"view-2","x":724,"msgs":408,"first":"nmyzp6jnvs4t6pg9kmai2puu8a","branch":"head","headPx":24,"margin":0,"before":15863,"top":15887,"sh":24428,"ch":600,"held":{"id":"uudaunk6443du2t2fwtrncwijn","delta":-91,"index":311},"drawn":15796,"now":{"id":"uudaunk6443du2t2fwtrncwijn","delta":-91,"index":311}}
{"n":3411,"at":1786660786941,"t":55092,"kind":"commit","view":"view-2","x":724,"msgs":408,"first":"nmyzp6jnvs4t6pg9kmai2puu8a","branch":"none","headPx":24,"margin":24,"before":15887,"top":15887,"sh":24428,"ch":600,"held":{"id":"uudaunk6443du2t2fwtrncwijn","delta":-91,"index":311},"drawn":15796,"now":{"id":"uudaunk6443du2t2fwtrncwijn","delta":-91,"index":311}}
{"n":3414,"at":1786660786947,"t":55099,"kind":"commit","view":"view-2","x":724,"msgs":408,"first":"nmyzp6jnvs4t6pg9kmai2puu8a","branch":"none","headPx":24,"margin":24,"before":15887,"top":15887,"sh":24428,"ch":600,"held":{"id":"uudaunk6443du2t2fwtrncwijn","delta":-91,"index":311},"drawn":15796,"now":{"id":"uudaunk6443du2t2fwtrncwijn","delta":-91,"index":311}}
{"n":3416,"at":1786660786948,"t":55100,"kind":"scroll","view":"view-2","top":15887,"sh":24428,"ch":600}
{"n":3417,"at":1786660786950,"t":55101,"kind":"commit","view":"view-2","x":724,"msgs":408,"first":"nmyzp6jnvs4t6pg9kmai2puu8a","branch":"none","headPx":24,"margin":24,"before":15887,"top":15887,"sh":24428,"ch":600,"held":{"id":"uudaunk6443du2t2fwtrncwijn","delta":-91,"index":311},"drawn":15796,"now":{"id":"uudaunk6443du2t2fwtrncwijn","delta":-91,"index":311}}
{"n":3419,"at":1786660786960,"t":55111,"kind":"commit","view":"view-2","x":724,"msgs":408,"first":"nmyzp6jnvs4t6pg9kmai2puu8a","branch":"head","headPx":0,"margin":24,"before":15887,"top":15863,"sh":24404,"ch":600,"held":{"id":"uudaunk6443du2t2fwtrncwijn","delta":-91,"index":311},"drawn":15772,"now":{"id":"uudaunk6443du2t2fwtrncwijn","delta":-91,"index":311}}
{"n":3421,"at":1786660786962,"t":55114,"kind":"commit","view":"view-2","x":724,"msgs":408,"first":"nmyzp6jnvs4t6pg9kmai2puu8a","branch":"none","headPx":0,"margin":0,"before":15863,"top":15863,"sh":24404,"ch":600,"held":{"id":"uudaunk6443du2t2fwtrncwijn","delta":-91,"index":311},"drawn":15772,"now":{"id":"uudaunk6443du2t2fwtrncwijn","delta":-91,"index":311}}
{"n":3424,"at":1786660786964,"t":55115,"kind":"scroll","view":"view-2","top":15863,"sh":24404,"ch":600}
{"n":3425,"at":1786660786967,"t":55118,"kind":"commit","view":"view-2","x":724,"msgs":408,"first":"nmyzp6jnvs4t6pg9kmai2puu8a","branch":"none","headPx":0,"margin":0,"before":15863,"top":15863,"sh":24404,"ch":600,"held":{"id":"uudaunk6443du2t2fwtrncwijn","delta":-91,"index":311},"drawn":15772,"now":{"id":"uudaunk6443du2t2fwtrncwijn","delta":-91,"index":311}}
{"n":3427,"at":1786660787003,"t":55154,"kind":"commit","view":"view-2","x":724,"msgs":608,"first":"rft8umja9arcti5kf9g9yi2zus","branch":"moved","headPx":0,"margin":0,"before":15863,"top":24695,"sh":33236,"ch":600,"held":{"id":"uudaunk6443du2t2fwtrncwijn","delta":-91,"index":311},"drawn":24604,"now":{"id":"uudaunk6443du2t2fwtrncwijn","delta":-91,"index":511}}
{"n":3430,"at":1786660787018,"t":55170,"kind":"scroll","view":"view-2","top":24695,"sh":33236,"ch":600}
{"n":3431,"at":1786660787030,"t":55181,"kind":"commit","view":"view-2","x":724,"msgs":608,"first":"rft8umja9arcti5kf9g9yi2zus","branch":"second","headPx":0,"margin":0,"before":24695,"top":24695,"sh":33236,"ch":600,"held":{"id":"uudaunk6443du2t2fwtrncwijn","delta":-91,"index":511},"drawn":24604,"now":{"id":"uudaunk6443du2t2fwtrncwijn","delta":-91,"index":511}}
{"n":3452,"at":1786660787172,"t":55324,"kind":"commit","view":"view-2","x":724,"msgs":608,"first":"rft8umja9arcti5kf9g9yi2zus","branch":"none","headPx":0,"margin":0,"before":24695,"top":24695,"sh":33236,"ch":600,"held":{"id":"uudaunk6443du2t2fwtrncwijn","delta":-91,"index":511},"drawn":24604,"now":{"id":"uudaunk6443du2t2fwtrncwijn","delta":-91,"index":511}}
{"n":5128,"at":1786660805971,"t":74123,"kind":"commit","view":"view-2","x":724,"msgs":608,"first":"rft8umja9arcti5kf9g9yi2zus","branch":"head","headPx":24,"margin":0,"before":24695,"top":24719,"sh":33260,"ch":600,"held":{"id":"uudaunk6443du2t2fwtrncwijn","delta":-91,"index":511},"drawn":24628,"now":{"id":"uudaunk6443du2t2fwtrncwijn","delta":-91,"index":511}}
{"n":5130,"at":1786660805973,"t":74125,"kind":"commit","view":"view-2","x":724,"msgs":608,"first":"rft8umja9arcti5kf9g9yi2zus","branch":"none","headPx":24,"margin":24,"before":24719,"top":24719,"sh":33260,"ch":600,"held":{"id":"uudaunk6443du2t2fwtrncwijn","delta":-91,"index":511},"drawn":24628,"now":{"id":"uudaunk6443du2t2fwtrncwijn","delta":-91,"index":511}}
{"n":5133,"at":1786660805979,"t":74131,"kind":"commit","view":"view-2","x":724,"msgs":608,"first":"rft8umja9arcti5kf9g9yi2zus","branch":"none","headPx":24,"margin":24,"before":24719,"top":24719,"sh":33260,"ch":600,"held":{"id":"uudaunk6443du2t2fwtrncwijn","delta":-91,"index":511},"drawn":24628,"now":{"id":"uudaunk6443du2t2fwtrncwijn","delta":-91,"index":511}}
{"n":5135,"at":1786660805987,"t":74139,"kind":"commit","view":"view-2","x":724,"msgs":608,"first":"rft8umja9arcti5kf9g9yi2zus","branch":"head","headPx":0,"margin":24,"before":24719,"top":24695,"sh":33236,"ch":600,"held":{"id":"uudaunk6443du2t2fwtrncwijn","delta":-91,"index":511},"drawn":24604,"now":{"id":"uudaunk6443du2t2fwtrncwijn","delta":-91,"index":511}}
{"n":5137,"at":1786660805989,"t":74141,"kind":"commit","view":"view-2","x":724,"msgs":608,"first":"rft8umja9arcti5kf9g9yi2zus","branch":"none","headPx":0,"margin":0,"before":24695,"top":24695,"sh":33236,"ch":600,"held":{"id":"uudaunk6443du2t2fwtrncwijn","delta":-91,"index":511},"drawn":24604,"now":{"id":"uudaunk6443du2t2fwtrncwijn","delta":-91,"index":511}}
{"n":5140,"at":1786660805991,"t":74143,"kind":"scroll","view":"view-2","top":24695,"sh":33236,"ch":600}
{"n":5142,"at":1786660806035,"t":74187,"kind":"commit","view":"view-2","x":724,"msgs":808,"first":"kzwxhqg44rryzap8fueimjcmps","branch":"moved","headPx":0,"margin":0,"before":26605,"top":35529,"sh":42160,"ch":600,"held":{"id":"uudaunk6443du2t2fwtrncwijn","delta":-91,"index":511},"drawn":35438,"now":{"id":"uudaunk6443du2t2fwtrncwijn","delta":-91,"index":711}}
{"n":5143,"at":1786660806042,"t":74194,"kind":"commit","view":"view-2","x":724,"msgs":808,"first":"kzwxhqg44rryzap8fueimjcmps","branch":"second","headPx":0,"margin":0,"before":35529,"top":35925,"sh":44070,"ch":600,"held":{"id":"uudaunk6443du2t2fwtrncwijn","delta":-91,"index":711},"drawn":35834,"now":{"id":"uudaunk6443du2t2fwtrncwijn","delta":-91,"index":711}}
{"n":5144,"at":1786660806044,"t":74196,"kind":"commit","view":"view-2","x":724,"msgs":808,"first":"kzwxhqg44rryzap8fueimjcmps","branch":"none","headPx":0,"margin":0,"before":35925,"top":35925,"sh":44466,"ch":600,"held":{"id":"uudaunk6443du2t2fwtrncwijn","delta":-91,"index":711},"drawn":35834,"now":{"id":"uudaunk6443du2t2fwtrncwijn","delta":-91,"index":711}}
{"n":5147,"at":1786660806057,"t":74209,"kind":"scroll","view":"view-2","top":35925,"sh":44466,"ch":600}
{"n":5148,"at":1786660806070,"t":74221,"kind":"commit","view":"view-2","x":724,"msgs":808,"first":"kzwxhqg44rryzap8fueimjcmps","branch":"none","headPx":0,"margin":0,"before":35925,"top":35925,"sh":44466,"ch":600,"held":{"id":"uudaunk6443du2t2fwtrncwijn","delta":-91,"index":711},"drawn":35834,"now":{"id":"uudaunk6443du2t2fwtrncwijn","delta":-91,"index":711}}
{"n":5169,"at":1786660806210,"t":74362,"kind":"commit","view":"view-2","x":724,"msgs":808,"first":"kzwxhqg44rryzap8fueimjcmps","branch":"none","headPx":0,"margin":0,"before":35925,"top":35925,"sh":44466,"ch":600,"held":{"id":"uudaunk6443du2t2fwtrncwijn","delta":-91,"index":711},"drawn":35834,"now":{"id":"uudaunk6443du2t2fwtrncwijn","delta":-91,"index":711}}
